:020000040800F2
:10000000506D002045010008294500080D02000838
:10001000FD44000849200008698D00080000000028
:10002000000000000000000000000000D1520008A5
:10003000A9200008000000009701000831750008A1
:100040005F0100085F0100085F0100085F01000810
:100050005F0100085F0100085F0100085F01000800
:100060005F0100085F0100085F0100085F010008F0
:100070004D2000085F0100085D2000085F010008B6
:100080005F0100085F0100085F0100085F010008D0
:100090005F0100085F0100085F01000843260008B7
:1000A0005F0100085F0100085F0100085F010008B0
:1000B000E7750008E9750008EB7500085F010008A6
:1000C0005F0100085F0100085F0100085F01000890
:1000D0005F010008F58C00081D8D0008418D0008A7
:1000E000412600085F0100085F0100085F01000869
:1000F0005F0100085F0100085F0100085F01000860
:100100005F0100085F010008ED7500085F0100084D
:10011000618900087D890008EF750008F175000805
:100120005F0100085F0100085F0100085F0100082F
:10013000DFF80CD001F064F900480047BF18000850
:10014000506D00200648804706480047FEE7FEE75E
:10015000FEE7FEE7FEE7FEE7FEE7FEE7FEE7FEE777
:10016000E575000831010008EFF3108072B67047A2
:1001700080F310887047324A1368012B04D04FF087
:10018000010313602F4A10602F4A11602F484FF06F
:10019000805101607047EFF3108272B62848016801
:1001A00091B14FF0000101602648016829B1EFF3D9
:1001B000098121E9F00F0068016023490968096895
:1001C000B1E8F00F81F3098882F310884EF0040E35
:1001D00070471D4908601B494FF00000086018492E
:1001E0004FF0010008601A481A49D0F8002041EA8F
:1001F0000201016015484FF0805101601648006807
:10020000006880F3088861B662B670471EF0040F7C
:100210000CBFEFF30880EFF3098020E9F00F40F8FE
:1002200004ED1EF0040F0CBF80F3088880F30988EA
:1002300000B50AF0A5F95DF804EB4EF0040E704726
:1002400078120020701200207412002004ED00E0EB
:1002500020ED00E00000FFFF08ED00E02DE9F04197
:100260000024061B254671F1000605DA012400274B
:10027000D0EB070067EB0101161E73F1000605DAEB
:100280000027D2EB0702012567EB030300F0C2FE53
:1002900086460E4617469C46AC4204D00025D0EB5D
:1002A000050E65EB010624B10020D2EB000760EBE0
:1002B000030C704631463A466346BDE8F081202A79
:1002C00004DB203A21FA02F00021704721FA02F300
:1002D000D040C2F12002914008431946704740EADD
:1002E00001039B0703D009E008C9121F08C0042AB4
:1002F000FAD203E011F8013B00F8013B521EF9D29B
:100300007047D2B201E000F8012B491EFBD27047C2
:100310000022F6E710B513460A4604461946FFF7D1
:10032000F0FF204610BD10B5002200E0521C835C97
:100330008C5CA34201D1002BF8D1D8B2E1B2401AB3
:1003400010BD30B505460020034600E05B1C93421B
:1003500005D2EC5CC85C201A01D1002CF6D130BD6E
:1003600070B50F4D00B92868002412E00A4602E07B
:100370009E4203D0521C1378002BF9D1DAB22243EB
:1003800005D02BB124B1002100F8011B04E0044684
:10039000401C0678002EE9D12860204670BD000080
:1003A0001415002010B54843044609F07FFE0028CC
:1003B00005D00021002C02D0641E0155FAE710BDC3
:1003C0000FB400B58DB010A909900B9000914FF0BB
:1003D000FF300A9000200C900548069005480790D1
:1003E0006A4609A80F9900F07BFE0DB05DF814FB7A
:1003F000FD1000081B1100082DE9FF5F1D464FF09E
:10040000FF3BD5E9014691465F464FF00008A969D8
:100410007F1C01988847296A824688470028F6D1C0
:10042000BAF1FF3F0CD024F4C064002E19DD600641
:1004300014D5BAF12B0F09D0BAF12D0F0ED103E06C
:10044000584604B0BDE8F09F44F48064A9697F1C5D
:1004500001988847761E8246002E02DDBAF1300FE1
:1004600003D0B9F1000F26D032E0A969761E44F41A
:1004700000747F1C019888478246002E05DDBAF182
:10048000780F06D0BAF1580F03D0B9F1000F10D091
:100490001EE0B9F1000F02D0B9F1100F18D1A9690F
:1004A000761E24F400747F1C019888478246102031
:1004B00002E0082000E00A20814609E008FB090864
:1004C000A969761E44F400747F1C0198884782460F
:1004D000002E05DD4946504600F0EEFD0028EDDA1D
:1004E000E96901988847A00502D46FF00100A8E7E8
:1004F000E00725D1600613D5600502D5C8F10000DC
:1005000000E0404629680A1D2A600968220501D5D5
:10051000087015E0220701D5088011E008600FE09F
:100520002868011D29600068210502D580F8008037
:1005300006E0210702D5A0F8008001E0C0F80080A5
:1005400038467EE72DE9FF5FD2E901A74FF00008AA
:10055000916999461446DDF838B0464601988847B7
:10056000054659EA0B0005D009E0A169761C0198FF
:1005700088470546216A284688470028F5D1681C27
:1005800003D05FEACA7005D015E04FF0FF3004B029
:10059000BDE8F09F2068011D2160D0F800800AE0CE
:1005A0005FEACA7001D108F8015BA169761C7F1E61
:1005B000019888470546002F1ADD681C18D0B9F14C
:1005C000000F0DD0E81705EBD060421120F01F009E
:1005D00059F822102A1A012090400142E0D107E088
:1005E000BBF1000FDCD1216A284688470028D7D00C
:1005F000E16901988847BBF1000F07D1002E05DDA6
:100600005FEACA7002D1002188F80010A068B842E1
:1006100003DDBBF1000F03D017B16FF00100B6E7A7
:100620003046B4E72DE9FF4F087881B09946FF289E
:1006300005D0491C2D2804D00024002308E0002305
:100640000BE00124F9E703EB830300EB4303491CB0
:100650000878FF28F7D104B15B420020009014789D
:1006600001462D2C01D02B2C04D1521C2D2C12D044
:100670000024009400251678FF2E0ED00A24A0FB3B
:1006800004C801FB0481002700FB0711521C16EB74
:100690000C006941EFE70124EBE7994450EA0102BD
:1006A0000ED00024AA4D2646DFF8A88200F06CFE8A
:1006B00082468B46B9F1000009DAC9F100071BE058
:1006C00001980021C0E9001105B0BDE8F08F074690
:1006D00012E0F80707D022462B463046414600F08C
:1006E000B9FA0646884622462B461046194600F0BF
:1006F000B1FA04460D467F10002FEAD1B9F1000F80
:10070000324643465046594602DA00F015FB01E0F6
:1007100000F0A0FA009A0AB181F00041019AC2E902
:100720000001D1E72DE9FF4F1F468DB0D7E9014603
:100730004FF0FF382E2045464FF000090B90B96965
:100740006D1C0E988847396A824688470028F6D182
:10075000BAF1FF3F0AD024F4D064002E11DDBAF1C3
:100760002B0F08D0BAF12D0F0BD102E0404611B08B
:10077000ABE744F48064B9696D1C0E9888478246E3
:10078000761E6946600501D52D2000E02B208DF8EE
:10079000000001F1010B0DF1200809E0B9696D1CA1
:1007A0000E98884782460F9844F40074761E0560C0
:1007B000002E02DDBAF1300FF0D00B998A453ED100
:1007C00044F0800406E00F99681CA9F1010944F483
:1007D00000740860B9696D1C761E0E9888478246C1
:1007E0003028F0D02BE00B998A4505D1200603D4A0
:1007F00044F08004761E18E0504608F097FD08B3D8
:100800000DF11301761E44F400748B4508D2AAF151
:1008100030000BF8010B200607D5A9F1010003E019
:10082000200602D409F101008146A00502D50F99E6
:10083000681C0860B9696D1C0E9888478246002EB6
:10084000D1DC53E0002E51DDBAF1650F02D0BAF1D0
:10085000450F4BD1A00549D5B9696D1C24F44074EE
:10086000761E0E9888478246002E0CDD2B2804D079
:10087000BAF12D0F07D144F48074B9696D1C0E983C
:1008800088478246761EE00501D52D2100E02B2108
:1008900008F8011BCDF82C8021E00DF12901761E0E
:1008A00044F4007488450CD2AAF1300010F0FF0027
:1008B00088F8000002D10B99884509D908F1010890
:1008C00006E0E00501D5244801E042F20F708146C0
:1008D000B9696D1C0E98884782460F980560002EF6
:1008E00004DD504608F022FD0028D6D1F9690E98A3
:1008F0008847FF208BF8000088F800000020069051
:1009000007904B466A4608A906A8FFF78BFEA0058C
:1009100002D46FF001002AE714F0240F0AD0E00798
:1009200014D1DDE906123868031D3B600068C0E998
:1009300000120BE0DDE9060100F026FB0146E007AE
:1009400004D13868021D3A600068016028460EE74D
:10095000000024400000F03FF1D8FFFF70B50646CC
:1009600008F0E0FB046805460A220021304600F04A
:1009700033FC2C6070BDF0B480EA0102D40F420059
:10098000B2EB410F02D20246084611464A0042D05D
:10099000C30DDDB2C1F3C752AD1A202D35DAC1F354
:1009A000160141F4000204B15242C5F1200602FAD8
:1009B00006F12A411044B3EBD05F23D0C4B1012D1E
:1009C000A0EBC35009DCF0BC4FF0004202EAC35276
:1009D000DBB200F5000000F040BC400000F1807088
:1009E00000EBC350A0F1807040EAD170490009E0EB
:1009F000490841EAC071A0EBC35000F5000040086F
:100A000000EBC350F0BC00F01FBC6142012202EBBE
:100A10004101001BF6E7F0BC704781F00041AAE7F6
:100A200080F00040A7E780EA010210B502F0004321
:100A3000400022D04A001FD0010E01EB1261C0F32A
:100A40005600C2F3560240F4000042F40002A0FB3C
:100A5000022000047F39140400D0401C50EA1240E8
:100A600001D44000491EC2B20C0604EBD010401C59
:100A70004008802A02D003E0002010BD20F00100D1
:100A8000002900DA0020184310BD30B480EA0102CA
:100A900002F0004530F0004221F0004013D090B148
:100AA000C30DD40DC2F31601C0F31600E41A41F4CD
:100AB000000140F400027D34914201D3641C00E047
:100AC0004900002C02DA30BC002070474FF40000CF
:100AD0000023914201D3891A034340084FEA4101A0
:100AE000F7D151B1914202D14FF0004105E002D25D
:100AF0004FF0010101E06FF0010103EBC450284405
:100B000030BC00F0A1BB2DE9FE4F804681EA030016
:100B1000C00F0C46009021F0004123F00045B8EBD7
:100B20000200A94105D24046214690461C460B468C
:100B3000024623F00040104347D0270DC7F30A00B8
:100B4000C3F30A510290401A019040286BDAC3F3B4
:100B5000130040F4801B0098924620B10023D2EB92
:100B6000030A63EB0B0B01985946C0F14002504653
:100B700000F081FA06460D4650465946019A00F0AB
:100B800089FA10EB08006141002487EA115284EAD7
:100B9000E7731A4340D0009A62B3019A012A4FEAE0
:100BA000075215DC001B61EB02014FF0004202EA24
:100BB0000752CDE90042001C41F5801132462B4618
:100BC00000F094FB03B0BDE8F08F40462146F9E702
:100BD000001B61EB0201001C41F5801300185B4112
:100BE0002018A2F5001747EB030140EAD570B619AB
:100BF0006D4111E06D084FEA360645EAC0754FEACF
:100C00000752001B61EB0201001C41F580114908ED
:100C10004FEA30000019514132462B4603B0BDE87F
:100C2000F04F00F054BB0098012240000023D0EBAD
:100C3000020263EBE073009821464FEAE074B8EBE0
:100C4000000061EB0401E9E783F000435BE781F01A
:100C5000004158E72DE9FE4F81EA030404F0004407
:100C600021F0004100944FF0000B23F0004350EAC4
:100C700001045ED052EA03045BD0C3F30A54C1F30B
:100C80000A552C44A4F2F3340194A0FB0254C1F39E
:100C9000130141F48011C3F3130343F4801301FBE8
:100CA000024400FB034E840A970A44EA815447EA4F
:100CB0008357A4FB076802958D0A05FB07854FEA59
:100CC000932C04FB0C542705029D4FEA065847EA73
:100CD0001637B5EB08056EEB070C870E920E47EA48
:100CE000811742EA8312A7FB0201B6EB0B0164EB0A
:100CF00000042B0D43EA0C335E1844EB1C50DA461B
:100D00005146E7FB0201C5F313044FEA0B3343EAF4
:100D100014534FEA0432019C43EA0603A4F10C0485
:100D20000294009CCDE900B400F0E0FA03B0BDE805
:100D3000F08F00200146F9E72DE9F04D81EA030428
:100D400004F0004B21F0004514464FF0000A23F058
:100D5000004150EA050220D054EA01021DD0C5F33B
:100D60000A570246C5F31303C1F31300C1F30A5631
:100D700040F4801543F48013A7EB0608101BD646F9
:100D800008F2FD3873EB050002D308F1010801E019
:100D900092185B41B8F1000F03DA00200146BDE86C
:100DA000F08D00204FF48011064684460EE0171B9C
:100DB00073EB050705D3121B63EB050306434CEAEF
:100DC000010C49084FEA300092185B4150EA0107D4
:100DD000EDD152EA030012D082EA040083EA050151
:100DE000084305D0101BAB4106D20122002306E0C8
:100DF00000224FF0004302E06FF0010253101AEBA3
:100E000006004CEB085110EB0A0041EB0B01BDE86A
:100E1000F04D00F05CBAC10F80EAE0700844CA07E8
:100E20009623002100F019BA96230022114600F003
:100E300014BAF0B4CA17CB0F50405140C61841F154
:100E400000054FEAC372314628004FF0960303D0E5
:100E5000B623F0BC00F001BA30460021F9E70EB528
:100E6000C10F80EAE0700844CA07002140F2334312
:100E70008DE80E000A460B4600F038FA03B000BDBC
:100E80000EB540F2334102910021CDE900110A462E
:100E90000B4600F02BFA03B000BD00F0004220F03A
:100EA0000040C10DC0F3160040F400007F2901DAB4
:100EB00000207047962903DCC1F19601C84001E08B
:100EC00096398840002AF4D04042704720F0004014
:100ED000C10DC0F3160040F400007F2901DA0020A4
:100EE0007047962903DCC1F19601C84070479639D6
:100EF0008840704770B5C1F30A5201F000450024E4
:100F0000C1F3130140F2FF3341F480119A4201DA38
:100F1000002070BD40F233439A42A2F2334203DC18
:100F20005242FFF7CCF900E090402C43F1D0404210
:100F300070BD00F0004230F000400AD0C10D01F554
:100F40006071C0F3160042EA0151C2084007114324
:100F5000704700200146704730B5041E71F100044F
:100F600004DB4FF00044404264EB0101141E73F1B6
:100F7000000405DB1C464FF00043524263EB0403C0
:100F80008B4208BF824230BD01F0004330B421F0F3
:100F9000004150EA010206D00A0DA2F56072C1F3C9
:100FA0001301002A02DC30BC00207047440F44EAE1
:100FB000C104C100E01830BC00EBC25000F044B9DD
:100FC000002801DBC0F10040002901DBC1F1004134
:100FD00081427047002801DBC0F10040002901DB9D
:100FE000C1F100418842704730B50B4601460020F0
:100FF0002022012409E021FA02F59D4205D303FADB
:1010000002F5491B04FA02F52844151EA2F101025B
:10101000F1DC30BD2DE9F05F0546002092469B468D
:1010200088460646814640241BE0284641464746FE
:101030002246FFF744F953465A46C01A914110D34D
:1010400011461846224600F016F82D1A67EB0108E3
:101050004F4622460120002100F00DF817EB000951
:101060004E41201EA4F10104DFDC484631462A46E9
:101070004346BDE8F09F202A04DB203A00FA02F143
:10108000002070479140C2F1200320FA03F3194376
:1010900090407047202A06DBCB17203A41FA02F035
:1010A00043EAE07306E041FA02F3D040C2F12002C5
:1010B00091400843194670473A2800D2303820F052
:1010C0002002412A01D3A2F13700884201D34FF018
:1010D000FF3070470268114413780160184670476A
:1010E000D160044951610449116200211161114626
:1010F00000F0A6B9D51000082D140008426842B1CE
:10110000016811F8013B23B1521EC0E900121846D4
:1011100070470121C160881E704742685AB1C36898
:10112000016843B983688B4205D0491E521CC0E94F
:101130000012002070474FF0FF3070470FB40023BB
:1011400000B589B00CA900910B996FF00042CB60FB
:101150001E4B06931E4B07930423CDE901321D4A13
:10116000089202466B460020FFF7DCFA09B05DF8F2
:1011700014FB70B586B006464FF0FF300091CDE904
:101180000101002015460C4604903246694604A829
:10119000FFF7D4FF03460498211825B108B10A4689
:1011A00000E022462A6000280DD0002B02DD0098C6
:1011B000884208D0081B0094CDE9010432466946F4
:1011C00004A8FFF7BBFF06B070BD0000FD100008CB
:1011D0001B1100082D1400082DE9F04791460F4619
:1011E00080460446002614F8015B2DB100F01AF980
:1011F0000068405DC007F6D12B2D02D02D2D18D0F0
:10120000641E4A463946204600F0B0FA27B13968D4
:10121000A14201D1C7F8008071054FF002040BD53F
:101220004042002803DD07F07DFF0460A007BDE811
:10123000F08746F48066E4E70028F8DA07F072FFEA
:1012400004606FF00040F2E70029A8BF7047401C1F
:10125000490008BF20F00100704710B4B0FA80FCCC
:1012600000FA0CF050EA010404BF10BC704749B109
:10127000CCF1200421FA04F411FA0CF118BF012179
:1012800021430843A3EB0C01CB1D4FEA00614FEA59
:10129000102042BF002010BC704700EBC350104428
:1012A0000029A4BF10BC7047401C490008BF20F0B3
:1012B000010010BC7047420005D0C0F3C752524233
:1012C000914201DC0020704700EBC150704710B51F
:1012D000141E73F1000408DA401C41F10001921859
:1012E0005B411A4301D120F0010010BD2DE9F04D02
:1012F00092469B4611B1B1FA81F202E0B0FA80F257
:1013000020329046FFF7B7FE04460F4640EA0A0037
:1013100041EA0B0153465A46084313D0114653EA9B
:10132000010019D0C8F140025046FEF7C8FF05463B
:101330000E46504659464246FFF79DFE084305D0EB
:10134000012004E020463946BDE8F08D0020054329
:1013500046EAE0762C4337430A986305E40AA0EB9B
:1013600008000022FD0A44EA47540A3002D5002052
:101370000146E9E7010510196941DDE90845001951
:101380006941BDE8F04DA2E70EB540F2334202924A
:101390000022CDE900221346FFF7A8FF03B000BDED
:1013A000C1F30A52C1F3130140F2FF3341F480113B
:1013B0009A4202DA00200146704740F233439A42D3
:1013C000A2F2334202DC5242FEF779BFFFF753BE6E
:1013D00030B5041E71F1000404DB4FF000444042BC
:1013E00064EB0101141E73F1000405DB1C464FF091
:1013F0000043524263EB0403994208BF904230BD60
:10140000064C074D06E0E06840F0010394E8070051
:1014100098471034AC42F6D3FEF78EFE34C5000870
:1014200054C50008004870471CC5000810B50446A4
:10143000FFF7F8FF0068005D00F0010010BD00003C
:101440002DE9F34F8BB04FF0000801F10C000C4672
:101450004FF0010B46460DF1080A01906269012127
:101460000198904705002DD0252D2CD0216A884762
:10147000C0B16269012101989047216A884700281C
:10148000F7D1411E62690198904700E0761CA1697E
:101490000B988847216A88470028F7D1E1690B98A3
:1014A0008847DBE7A1690B9888470746A84201D126
:1014B000761CD3E7E1690B9888477F1C02D1B8F10D
:1014C000000F6FD046E1002762693D46394601981A
:1014D00090472A2804D1626901210198904701258B
:1014E000DFF884926269012101989047A0F13001F0
:1014F0000A290AD24F45E5DC07EB870100EB4107DB
:10150000303FDFD445F01005ECE7E90601D46FF079
:1015100000476C280AD04C2814D0682815D06A28B7
:101520000DD074281CD07A281AD01DE062690121E0
:10153000019890476C2802D045F0040514E045F06E
:1015400002050DE045F020050AE0626901210198DD
:101550009047682802D045F0080505E045F400658D
:101560006269012101989047C4E9015765283DD07F
:1015700019DC58287AD00CDC452837D004DC252823
:1015800026D0412831D131E046282FD047282CD110
:101590002CE05B2877D0612828D063287CD0642891
:1015A00023D15AE0D0E06F2848D008DC66281DD04F
:1015B00067281BD0692821D06E2816D127E0702813
:1015C00045D0732868D0752847D078280DD14DE0D4
:1015D000A1690B988847054625283FF469AFE16962
:1015E0000B9888476D1C3FF46AAFB3E023466A4608
:1015F0006FF001000B99FFF795F89EE045F0400071
:101600006060A80723464FF0000236D43EE0E807AA
:101610007FF447AF2068011D21600068290501D5CE
:1016200006701BE7290701D5068017E7A90703D530
:10163000F117C0E9006111E706600FE745F04000CF
:101640006060A80723464FF0080216D41EE040F65B
:101650000E0125EA0100606016E045F04000606080
:10166000A80723464FF00A0207D40FE045F04000D8
:101670006060A80708D5234610226FF001000B997F
:10168000AFF3008059E007E0234610226FF001001D
:101690000B99FEF7B1FE50E04FF000094F464B4664
:1016A000632802D05B2806D040E0E80601D4012080
:1016B000A06001273AE062690121019890475E2805
:1016C00005D14FF0010962694946019890472169A7
:1016D00039B900210A46534643F82120491C0829FC
:1016E000FADBB0B3216969B9C11700EBD1625311BC
:1016F0000AEB830122F01F02821A01200B6890403E
:1017000003430B6062690121019890475D28E8D18D
:10171000B9F1000F09D00020514651F82020D243E2
:1017200041F82020401C0828F7DB02AB2246009736
:101730006FF001000B99FEF705FF00280CDA401C42
:1017400008D1BBF1000F05D04FF0FF300DB0BDE860
:10175000F08FFFE74046F9E7E90701D108F10108FA
:1017600006444FF0000B79E6CCCCCC0C2DE9F05FB1
:1017700082460078002715468B460AF10104B946D7
:10178000302801D09DB113E014F8010B012778280F
:1017900003D0582801D045B10AE00DB1102D07D172
:1017A0000027102514F8010B02E0082500E00A25A7
:1017B0000026B0460EE005FB080005FB06F10127F8
:1017C00001EB10461FFA80F8B6F5803F00D3B9460A
:1017D00014F8010B2946FFF76FFC0028EBDABBF188
:1017E000000F05D00FB1641E00E05446CBF8004056
:1017F000B9F1000F06D007F095FC02210160C81E68
:10180000BDE8F09F48EA0640FAE7F0B4002802DCA1
:10181000F0BC00207047C0F3C751C0F3160040F47D
:101820000000CA0701D14000491E3F2202EB6105BA
:10183000002211464FF4000626FA01F31344D4188F
:10184000844201D8001B1A464000491C1729F3DDC9
:101850005100814202D24FF0FF3100E0002102EB43
:10186000C550F0BCFFF7F0BC70B58C1810F8015BE8
:1018700015F0070301D110F8013B2A1106D110F829
:10188000012B03E010F8016B01F8016B5B1EF9D12D
:101890002B0705D40023521E0DD401F8013BFAE7B3
:1018A00010F8013BCB1A921C03E013F8015B01F81E
:1018B000015B521EF9D5A142D8D3002070BD10B5EE
:1018C0000AF08AFC002010BD30B50246002300203B
:1018D00018E0802311E014781C400CB1012400E0D2
:1018E0000024C0F3C015AC4204D04406200E80F0A2
:1018F000070001E04406200E5B10002BEBD1521CC8
:101900004C1EE1B20029E4D130BD0246002004E0C3
:1019100013785840521C4B1ED9B20029F8D1704799
:101920002DE9F0410646002700BF56E106F1C00050
:1019300000EB471090F8018006F1C00000EB471063
:101940000578B8F1100F73D2DFE808F0081B2E41BC
:1019500054677B8EA1B4C7DAF1EFEEED012D08D10B
:101960001021304600F040F9044648F21000606053
:1019700006E01021304600F037F904461020606080
:1019800029E1012D08D11121304600F02DF904463E
:1019900048F23000606006E01121304600F024F982
:1019A00004463020606016E1012D08D11221304636
:1019B00000F01AF9044648F25000606006E0122177
:1019C000304600F011F904465020606003E1012D1B
:1019D00008D11321304600F007F9044648F27000A0
:1019E000606006E01321304600F0FEF804467020E7
:1019F0006060F0E0012D08D11421304600F0F4F8C9
:101A0000044648F29000606006E01421304600F081
:101A1000EBF8044690206060DDE0012D09D115212E
:101A2000304600F0E1F8044648F2B000606007E09C
:101A3000CDE01521304600F0D7F80446B0206060B4
:101A4000C9E0012D08D11621304600F0CDF804463A
:101A500048F2D000606006E01621304600F0C4F87D
:101A60000446D0206060B6E0012D08D11721304631
:101A700000F0BAF8044648F2F000606006E0172172
:101A8000304600F0B1F80446F0206060A3E0012D7C
:101A900008D11821304600F0A7F8044648F220008B
:101AA000606006E01821304600F09EF804462020D1
:101AB000606090E0012D08D11921304600F094F8C3
:101AC000044648F26200606006E01921304600F0EA
:101AD0008BF80446622060607DE0012D08D11A2158
:101AE000304600F081F8044648F2A400606006E049
:101AF0001A21304600F078F80446A42060606AE0BD
:101B0000012D08D11B21304600F06EF8044648F242
:101B1000E600606006E01B21304600F065F80446F0
:101B2000E620606057E03EE029E014E0FFE7012D89
:101B300008D11C21304600F057F8044648F2E8105E
:101B4000606007E01C21304600F04EF804464FF478
:101B5000F47060603FE0012D08D11D21304600F097
:101B600043F8044648F2C910606007E01D21304682
:101B700000F03AF8044640F2C91060602BE0012DF5
:101B800008D11E21304600F02FF8044648F2AA1072
:101B9000606007E01E21304600F026F804464FF44E
:101BA000D570606017E0012D08D11F21304600F08C
:101BB0001BF8044648F28B10606007E01F21304696
:101BC00000F012F8044640F28B10606003E06FF002
:101BD0001A00BDE8F08100BF7F1C96F84002B842B1
:101BE0003FF7A4AE0020F4E730B502460B460024D0
:101BF00012B1D2F8B80008B9002030BD002110E0C1
:101C000001EB4105D2F8B80050F82500984206D102
:101C100001EB4105D2F8B80000EB850405E0481C53
:101C2000C1B292F8BC008842EADC00BF2046E4E77B
:101C300070B5054600240721284600F015F8044633
:101C40000CB1204670BD0748C06C4FF6F0710840DB
:101C500043F2D001884201D10020F3E74FF0FF307A
:101C6000F0E70000801200202DE9FF470646884675
:101C700000270020029003900025814682460090B4
:101C800001901EB9401E04B0BDE8F08741463046C1
:101C9000FFF7AAFF044614B94FF0FF30F3E72078AE
:101CA00000F03F0040F040008DF808009DF808105B
:101CB000304600F0F7FB47B217B16FF00100E2E7E2
:101CC00096F8BD0020B1207A801C00F0FF0903E0E7
:101CD000207A401C00F0FF09002508E00021304672
:101CE00000F0ECFB02AA691C5054681CC5B24D45BB
:101CF000F4DB96F8BD00012819D1207800F03F00F0
:101D000040F040008DF80000012505E002A8405D8C
:101D10000DF80500681CC5B2A068801CA842F5DC5F
:101D2000207A801CC1B26846FFF7CEFD824696F845
:101D3000BD00022819D1207800F03F0040F040009B
:101D40008DF80000012505E002A8405D0DF80500B2
:101D5000681CC5B2A068801CA842F5DC207A801CF3
:101D6000C1B26846FFF7D1FD8246BAF1000F02D03A
:101D70006FF0010087E700206060012509E06068DE
:101D80000002606002A9495D606808446060681CE8
:101D9000C5B2A068401CA842F1DC384673E770B5B4
:101DA0000446002500260CB9681E70BD002505E01C
:101DB000FF21204600F076FB06466D1C092DF7DB5F
:101DC0003046F2E730B5044614B1D4F8B80010B983
:101DD0004FF0FF3030BD02212046FFF705FF0546DA
:101DE00015B94FF0FF30F5E7287900F00800082812
:101DF00003D1012084F8BD000BE0287900F0040035
:101E0000042803D1022084F8BD0002E0002084F8F9
:101E1000BD000020DEE72DE9F04105460E464FF0FB
:101E2000000815B1D5F8B80018B94FF0FF30BDE87B
:101E3000F08100212846FFF7D7FE044614B94FF081
:101E4000FF30F4E70DE000212846FFF70DFF0746BD
:101E50000FB13846EBE7207900F0800008B94FF069
:101E60000108B8F1000F03D13000A6F10106EAD154
:101E70000EB10020DBE76FF00200D8E72DE9FC5F30
:101E8000064689464FF0000A002700200090019086
:101E900000258346804616B9401EBDE8FC9F494692
:101EA0003046FFF7A1FE044614B94FF0FF30F4E7C7
:101EB000207800F03F008DF800006768002507E0FB
:101EC000F8B2A168491B0DF801003F12681CC5B2A9
:101ED000A068A842F4DC207A401C00F0FF0B96F8C2
:101EE000BD0001280ED1207A401CC1B26846FFF720
:101EF000EBFC8046A068401C0DF80080207A801C16
:101F000000F0FF0B96F8BD0002280ED1207A401C8D
:101F1000C1B26846FFF7F9FC8046A068401C0DF886
:101F20000080207A801C00F0FF0B002507E01DF8E0
:101F30000510304600F0B6FA8246681CC5B25D4511
:101F4000F5DB5046A9E705F01BFD05E005F08EFC2A
:101F50004FF4FA7000F0A9F8F8E7000038B505462C
:101F6000C821284602F06EFBC4B234B103A30E228E
:101F70000B490CA0009400F049F938BD4F43445F71
:101F8000414432346269745F476574526573756C9D
:101F900074206572726F723A25640D0A00000000A9
:101FA00040C300084552524F5200000088B009F06B
:101FB000C3FC044609F0FEFC09F078F831E0002388
:101FC0000C2205A91748006808F050FE20BB9DF8B8
:101FD000140000B300208DF8140008E00023102244
:101FE00001A91148006808F041FE00B100E0F5E7E2
:101FF00000BF0EA007F044F808F0CAF909F09CFCF5
:10200000044609F0D7FC0F48006809F06BFC08F0A3
:10201000CFF909F04BF802E005A805F0BFFC09F084
:1020200029FDCCE7380000203C000020537769747C
:10203000636820746F2048414E444C45204D6F64C6
:10204000650D0A002800002000BFFEE710B5024819
:1020500000F091FA10BD00007403002010B5024892
:1020600000F089FA10BD0000AC00002030B590F8F7
:1020700040500124AC40C56B6C60046863604468E8
:10208000102C04D10468A2600468E16003E00468D5
:10209000A1600468E26030BD05E005F081FC4FF40A
:1020A0007A7000F002F8F8E7704710B50446204651
:1020B00009F00EFC10BD32280AD2002105E00022F2
:1020C00000E0521C082AFCDB491C8142F7D319E0CE
:1020D00000EBC0024FF0E0235A6100229A61012216
:1020E0001A6100BF4FF0E022116901F001021AB13C
:1020F00001F48032002AF5D000224FF0E0231A616B
:102100009A6100BF7047000070B505460E46002476
:102110002BE004EB440105EBC10003F05FF904EB95
:10212000440105EBC10003F062FA04EB440005EB47
:10213000C00040680E4988420FD004EB440005EB14
:10214000C00040680B49884207D004EB440005EB0F
:10215000C00040680849884205D104EB440105EB02
:10216000C10003F0CBF9601CC4B2B442D1DB70BD36
:1021700000002110000011100000311010B50446BD
:10218000228891B20022206900F064FF10BD10B5D2
:102190000446228891B20122206900F05BFF10BD45
:1021A00070B504460D4604A006F06AFF2A46214693
:1021B00006A006F065FF70BD2D3E48617070656E2B
:1021C000204572726F722121210D0A002D3E457249
:1021D000726F7220506172616D6574657273205602
:1021E000616C75653A2066696C65202573206F6E99
:1021F000206C696E652025640D0A000010B500F0A2
:1022000035FF03F0FBF903F02CFA10BD0FB47CB5D9
:1022100004460D4616460AA801904FF480710948FD
:10222000019B099A06F03CFF064833462A462146A0
:10223000009005A006F024FF002001907CBC5DF812
:1022400014FB0000601600205B25735D5B2573287E
:10225000293A253034645D2025730D0A0000000002
:1022600010B5044602212046FFF74EFF10BD2DE9B0
:10227000F04107460D460024384603F02EFA0026AA
:1022800015E0384603F017FA022003F0FDF938464E
:1022900003F008FA6006040E384603F0FBF908B1B3
:1022A000601CC4B2012003F0EFF9701CC6B2082E06
:1022B000E7DB1DB1384603F040FA02E0384603F090
:1022C00054FA2046BDE8F08170B506460C4630460B
:1022D00003F01FFA304603F0EEF900251CE004F08D
:1022E000800018B1304603F0EFF902E0304603F009
:1022F00007FA6006040E022003F0C6F9304603F028
:10230000D1F9022003F0C0F9304603F0D4F90220DD
:1023100003F0BAF9681CC5B2082DE0DB70BD10B53A
:102320000446204603F0F5F9204603F0CDF9204697
:1023300003F0B8F9042003F0A7F9204603F0E0F910
:10234000042003F0A1F9204603F0B5F910BD10B543
:102350000446204603F0DDF9204603F0ACF92046A0
:1023600003F0CEF9042003F08FF9204603F09AF928
:10237000204603F0A9F9042003F086F910BD70B5DA
:1023800005460024284603F0A8F9284603F09CF9E6
:10239000012003F079F9284603F084F9012003F0C5
:1023A00073F908E0601CC4B2FA2C04DD2846FFF77C
:1023B000CEFF012070BD284603F06CF90028F1D152
:1023C000284603F078F90020F4E7000070B50446D1
:1023D0000D46606E32281CD194F86C0030B1042890
:1023E00007D0082808D00C280CD108E020684563E5
:1023F0000EE0206885630BE02068C56308E0206874
:10240000056405E040F2653102A0FFF7C9FE00BF98
:1024100000BF70BD2E2E5C4472697665725C53728B
:10242000635C6472765F68616C5F70776D2E6300C9
:1024300070B505460E4618210020FDF7B3FF12497E
:102440000860002419E004EB041105EBC10003F05F
:1024500059FD04EB041105EBC10003F063FB04EB31
:10246000041105EBC10003F0D7FB04EB041105EBED
:10247000C10003F0EBFC601CC4B2B442E3DB0248D1
:10248000006807F0EBFC70BD4011002010B5044659
:10249000204604F0FBFA204604F038FB204604F006
:1024A0006FFB10BD73B504464FF47A73012201A986
:1024B000204601F093FA054628467CBD13B582B04C
:1024C0000446002001904FF47A70012301AA03A969
:1024D0000090204601F059FB9DF8040004B010BDA7
:1024E00010B5044604F0C4FB204604F07FFE2046ED
:1024F00004F058FC204604F0C7FC204604F022FCFF
:10250000204604F0B7FB204604F048FD204604F0C6
:10251000F9FD204604F04EFE94F8C900012819D1B7
:1025200000BF04F184006063A820045100BFDE21D5
:10253000085B07F0BBFDE02108512068C06840F04F
:1025400010002168C860DE20025BE02001592046AF
:1025500001F0A2FE94F8C80001280BD100BF04F1DD
:1025600040002063646600BFEA21085B07F09EFD1F
:10257000EC21085110BD10B5044694F8C80018B1FC
:1025800004F1400000F05EF994F8C90018B104F1BC
:10259000840000F057F910BD38B504462068006883
:1025A000C0F30010C8B100BF002000902068006890
:1025B000009020684068009000BF00BF204601F0F6
:1025C00053FDDE20005B616B09684968401A81B2E7
:1025D000DC2001530121E5200155DE20025BE020D3
:1025E0000159204601F058FE38BD10B5044620467A
:1025F00001F06EFD10BD70B504460E46E520005D8D
:10260000012801D0002070BDDC20055B2946304642
:10261000FDF77EFEE02001592A463046FDF75FFEB9
:102620000021E52001552846EDE770B504460D462A
:102630001646FF2332462946204601F091FE70BD22
:10264000704770470146002291F82100022808D007
:102650000420886300BF002081F8200000BF012013
:1026600070470868006820F00E000B681860086862
:10267000006820F001000B68186091F840300120DC
:102680009840CB6B5860012081F8210000BF0020EA
:1026900081F8200000BF1046E2E7000070B5044654
:1026A000002594F82100022803D00420A06301250E
:1026B000C1E02068006820F00E00216808602068F2
:1026C000006820F00100216808605C4920688842A9
:1026D00052D95A4978392068884201D1012047E00F
:1026E000564964392068884201D1102040E053499E
:1026F00050392068884201D1801539E04F493C3972
:102700002068884201D1801432E04C492839206881
:10271000884202D14FF480302AE0484914392068B9
:10272000884202D14FF4801022E044492068884258
:1027300001D140041CE042492068884201D10120B7
:1027400016E03F4914312068884201D110200FE083
:102750003B4928312068884201D1801508E038497A
:102760003C312068884201D1801401E04FF4803070
:102770003349091F086051E03049783920688842A0
:1027800001D1012047E02D4964392068884201D1F8
:10279000102040E0294950392068884201D1801535
:1027A00039E026493C392068884201D1801432E062
:1027B000224928392068884202D14FF480302AE02B
:1027C0001E4914392068884202D14FF4801022E05B
:1027D0001A492068884201D140041CE01849206849
:1027E000884201D1012016E0154914312068884241
:1027F00001D110200FE0124928312068884201D110
:10280000801508E00E493C312068884201D18014CF
:1028100001E04FF48030094980394860012084F894
:10282000210000BF002084F8200000BF606B10B1C1
:102830002046616B8847284670BD0000800002403A
:102840000804024070B50446E06B0568206806681D
:1028500094F84010042088402840002875D006F0E5
:1028600004000028FAD02068006800F0200028B991
:102870002068006820F0040021680860D5492068BD
:10288000884254D9D34978392068884201D104203C
:1028900049E0D04964392068884201D1402042E0B3
:1028A000CC4950392068884201D100153BE0C94924
:1028B0003C392068884202D14FF4804033E0C5495A
:1028C00028392068884202D14FF480202BE0C1498A
:1028D00014392068884202D14FF4800023E0BD49BA
:1028E0002068884201D1C0041DE0BB4920688842AD
:1028F00001D1042017E0B84914312068884201D181
:10290000402010E0B44928312068884201D10015E8
:1029100009E0B1493C312068884202D14FF480403F
:1029200001E04FF48020AC49091F086054E0A94938
:1029300078392068884201D104204AE0A5496439E9
:102940002068884202D1402043E04CE0A149503940
:102950002068884201D100153BE09E493C3920683F
:10296000884202D14FF4804033E09A4928392068E8
:10297000884202D14FF480202BE096491439206818
:10298000884202D14FF4800023E0924920688842B7
:1029900001D1C0041DE090492068884201D1042083
:1029A00017E08D4914312068884201D1402010E0A1
:1029B000894928312068884201D1001509E08649FB
:1029C0003C312068884202D14FF4804001E04FF44E
:1029D0008020804980394860E06A002802D0204683
:1029E000E16A8847F4E094F84010022088402840CB
:1029F000002871D006F002000028FAD02068006894
:102A000000F0200040B92068006820F00A0021682A
:102A10000860012084F821006E492068884254D95A
:102A20006C4978392068884201D1022049E069491F
:102A300064392068884201D1202042E0654950393C
:102A40002068884201D140153BE062493C3920684A
:102A5000884202D14FF4005033E05E4928392068A3
:102A6000884202D14FF400302BE05A4914392068D3
:102A7000884202D14FF4001023E056492068884272
:102A800001D180041DE054492068884201D1022010
:102A900017E0514914312068884201D1202010E00C
:102AA0004D4928312068884201D1401509E04A4942
:102AB0003C312068884202D14FF4005001E04FF4CD
:102AC00000304549091F086054E0424978392068C0
:102AD000884202D102204AE057E03E49643920682A
:102AE000884201D1202042E03A495039206888428A
:102AF00001D140153BE037493C392068884202D17A
:102B00004FF4005033E0334928392068884202D11D
:102B10004FF400302BE02F4914392068884202D14D
:102B20004FF4001023E02B492068884201D1800433
:102B30001DE029492068884201D1022017E026497A
:102B400014312068884201D1202010E02249283128
:102B50002068884201D1401509E01F493C312068B6
:102B6000884202D14FF4005001E04FF4003019497F
:102B70008039486000BF002084F8200000BFA06AB0
:102B800030B32046A16A884722E094F8401008201C
:102B900088402840E0B106F00800C8B1206800680D
:102BA00020F00E002168086094F840100120884051
:102BB000E16B48600120A06384F8210000BF002081
:102BC00084F8200000BF206B10B12046216B88479D
:102BD00070BD00008000024008040240014600224F
:102BE00009B9012070471E4B086898420BD21D4B53
:102BF0000868C01A1423B0FBF3F080000864194879
:102C00000838C8630AE0164B0868C01A1423B0FBE2
:102C1000F3F08000086412480838C863022081F885
:102C200021000868026843F6F0708243D1E901038D
:102C30001843CB6818430B6918434B6918438B69D9
:102C40001843CB6918430243086802600020886378
:102C5000012081F82100002081F8200000BFC1E799
:102C600008040240080002402DE9F04104460D46E8
:102C700016461F464FF0000800BF94F820000128B8
:102C800002D10220BDE8F081012084F8200000BFBD
:102C900094F8210001282CD1022084F82100002082
:102CA000A0632068006820F00100216808603B46AE
:102CB000324629462046FFF7D9F9E06A30B120684C
:102CC000006840F00E00216808600BE02068006892
:102CD00020F00400216808602068006840F00A00C5
:102CE000216808602068006840F0010021680860E1
:102CF00006E000BF002084F8200000BF4FF002086B
:102D00004046BFE72DE9F847024600239C467BE199
:102D10004FF0010808FA03F4D1F8008008EA040033
:102D2000A0427DD1DFF8F4A2D1F80480A8EB0A0913
:102D3000D0453AD014DCB8F1030F50D009DCB8F11B
:102D4000000F31D0B8F1010F1CD0B8F1020F49D1FA
:102D500020E0B8F1110F18D0B8F1120F42D11EE0E7
:102D6000B9F5881F25D006DCB9F5803F20D0B9F52C
:102D7000801F37D11AE0B9F5001F18D0B9F5041F2C
:102D800030D117E0D1F80CC02DE0D1F80C8008F15B
:102D9000040C28E0D1F80C8008F1080C23E0D1F8ED
:102DA0000C8008F10C0C1EE000BF00BF00BF00BF8C
:102DB00000BF00BFD1F80880B8F1000F02D14FF07A
:102DC000040C0BE0D1F80880B8F1010F03D14FF0EB
:102DD000080C146102E04FF0080C546103E04FF05E
:102DE000000C00E000BF00BFFF2801D8904601E0C2
:102DF00002F104084646FF2802D84FEA830803E0A0
:102E0000A3F108084FEA88084746D6F800804FF03B
:102E10000F0909FA07F928EA09080CFA07F900E08E
:102E20007AE048EA0908C6F80080D1F8048008F082
:102E30008058B8F1805F6FD100BFDFF8E481D8F827
:102E4000188048F00108DFF8D891C9F81880C84602
:102E5000D8F8188008F00108CDF8008000BF00BF46
:102E60004FEAB9384FEA930958F829504FEA837866
:102E70004FEA18794FF00F0808FA09F825EA080513
:102E8000DFF8A081424502D14FF0000824E0DFF8CE
:102E90009881424502D14FF001081DE0DFF88C8196
:102EA000424502D14FF0020816E0DFF88481424526
:102EB00002D14FF003080FE0DFF87881424502D1DC
:102EC0004FF0040808E0DFF87081424502D14FF06E
:102ED000050801E04FF006084FEA83794FEA1979B7
:102EE00008FA09F848EA0505DFF850814FEA930926
:102EF00048F82950D1F8048008F48038B8F5803FAC
:102F00000BD1DFF83C81D8F8008048EA0008DFF8F0
:102F10003091C9F800800AE075E0DFF82481D8F824
:102F2000008028EA0008DFF81891C9F80080D1F87D
:102F3000048008F40038B8F5003F0ED1DFF80081B6
:102F400008F10408D8F8008048EA0008DFF8F0909B
:102F500009F10409C9F800800DE0DFF8E48008F108
:102F60000408D8F8008028EA0008DFF8D49009F1B6
:102F70000409C9F80080D1F8048008F48018B8F575
:102F8000801F0ED1DFF8B88008F10808D8F800805B
:102F900048EA0008DFF8A89009F10809C9F800809C
:102FA0000DE0DFF89C8008F10808D8F8008028EAD6
:102FB0000008DFF88C9009F10809C9F80080D1F801
:102FC000048008F40018B8F5001F0ED1DFF87080F7
:102FD00008F10C08D8F8008048EA0008DFF8609093
:102FE00009F10C09C9F800800DE0DFF8548008F100
:102FF0000C08D8F8008028EA0008DFF8449009F1AE
:103000000C09C9F800805B1CD1F8008028FA03F88D
:10301000B8F1000F7FF47CAEBDE8F8870000111016
:103020000010024000080140000C01400010014067
:103030000014014000180140001C0140080001403C
:1030400000040140024693680B400BB1012000E0F0
:10305000002070470AB1016101E00B040361704771
:1030600001480068704700004411002010B508486E
:10307000006840F0100006490860032000F0D2F814
:10308000002000F007F800F02BF8002010BD000031
:103090000020024070B504460E4800784FF47A7163
:1030A000B1FBF0F00C490968B1FBF0F5284600F0DF
:1030B00095FE08B1012070BD102C07D200222146D8
:1030C000501E00F071F80548046001E00120F2E7AD
:1030D0000020F0E74C110020501100204811002082
:1030E00008B5032000F09EF800BF2548806940F035
:1030F0000100234988610846806900F001000090C2
:1031000000BF00BF00BF0846C06940F08050C861E2
:103110000846C06900F08050009000BF00BF002248
:1031200011466FF00B0000F03FF8002211466FF0DF
:103130000A0000F039F8002211466FF0090000F093
:1031400033F800221146501F00F02EF800221146DD
:10315000101F00F029F800220F21901E00F024F823
:1031600000220F21501E00F01FF800BF05494868DB
:1031700020F0E06040F00070486000BF08BD000033
:10318000001002400000014001460846002809DB0B
:1031900000F01F0301229A4043099B0003F1E02342
:1031A000C3F8002100BF70472DE9F05F80460D464F
:1031B0001646002705F09AFF074639462A46334649
:1031C00001F00700C0F1070ABAF1040F02D94FF06D
:1031D000040A01E0C0F1070AD14600F1040ABAF17D
:1031E000070F02D24FF0000A01E0A0F1030AD44613
:1031F0004FF0010A0AFA09FAAAF1010A0AEA020AD8
:103200000AFA0CFA4FF0010B0BFA0CFBABF1010BB5
:103210000BEA030B4AEA0B042146404605F06EFF19
:10322000BDE8F09F00BF00F00702064B19684FF69B
:10323000FF031940044B0B4343EA0221014B196081
:1032400000BF70470CED00E00000FA0570B50446C1
:103250000D460CB9012070BD5A48006800F0070007
:10326000A8420ED25748006820F00700284355496D
:1032700008600846006800F00700A84201D001205D
:10328000E9E7207800F0020002281DD1207800F044
:103290000400042805D14C48406840F4E0604A49E5
:1032A0004860207800F00800082805D146484068AA
:1032B00040F46050444948604348406820F0F000C2
:1032C000A168084340494860207800F0010078B3C5
:1032D0006068012806D13C48006800F4003090B9CD
:1032E0000120B8E76068022806D13748006800F07E
:1032F000007040B90120AEE73348006800F00200DA
:1033000008B90120A7E73048406820F00300616851
:1033100008432D494860FFF7A3FE064609E0FFF782
:103320009FFE801B41F28831884202D9032092E738
:1033300007E02548406800F00C006168B0EB810FA1
:10334000EDD12048006800F00700A8420ED91D48C2
:10335000006820F0070028431A4908600846006802
:1033600000F00700A84201D0012074E7207800F0A7
:103370000400042807D11448406820F4E060E168A4
:10338000084311494860207800F00800082808D157
:103390000D48406820F46050216940EAC1000A49A4
:1033A000486000F03FF808494968C1F30311074A33
:1033B000515CC8400649086006480068FFF76AFE8D
:1033C000002048E700200240001002405EC30008D1
:1033D000501100204811002001480068704700008B
:1033E0005011002000B5FFF7F7FF04494968C1F309
:1033F0000221034A515CC84000BD00000010024099
:103400006EC3000800B5FFF7E7FF04494968C1F340
:10341000C221034A515CC84000BD000000100240B8
:103420006EC30008F0B585B00FF26C0C9CE8E0109C
:1034300001A8A0E8E0101CA52D680095002100223D
:10344000002300240020194D696801F00C05F5B136
:10345000042D02D0082D19D101E0154819E001AD65
:10346000C1F38346AC5D01F4803555B10F4D6D68F5
:10347000C5F340451DF805200D4D6543B5FBF2F33E
:1034800002E00C4D04FB05F3184602E000BF0848BB
:1034900000BF00BF05B0F0BD020304050607080920
:1034A0000A0B0C0D0E0F101001020000001002405C
:1034B00000127A0000093D00F8B504460CB901205D
:1034C000F8BD207800F00100002878D0F848406866
:1034D00000F00C0004280CD0F548406800F00C0007
:1034E000082811D1F248406800F48030B0F5803FE0
:1034F0000AD1EF48006800F4003000285FD060680F
:1035000000285CD10120DBE700BF6068B0F5803F98
:1035100006D1E748006840F48030E549086028E0BB
:10352000606858B9E248006820F48030E0490860DB
:103530000846006820F4802008601AE06068B0F552
:10354000A02F0BD1DA48006840F48020D8490860E9
:103550000846006840F4803008600AE0D4480068FB
:1035600020F48030D24908600846006820F48020AA
:10357000086000BF606888B1FFF772FD054606E08D
:10358000FFF76EFD401B642801D9032098E7C84867
:10359000006800F400300028F2D010E0FFF760FD72
:1035A000054606E0FFF75CFD401B642801D90320B7
:1035B00086E7BF48006800F400300028F2D1207888
:1035C00000F00200022857D1B948406800F00C0012
:1035D00050B1B748406800F00C00082818D1B44832
:1035E000406800F4803098B9B148006800F00200EB
:1035F00020B12069012801D0012061E7AC480068B2
:1036000020F0F800616940EAC100A949086033E090
:103610002069E8B10120A7490860FFF721FD0546B0
:1036200006E0FFF71DFD401B022801D9032047E7F4
:103630009F48006800F002000028F2D09C48006813
:1036400020F0F800616940EAC1009949086013E080
:10365000002098490860FFF703FD054606E0FFF7E4
:10366000FFFC401B022801D9032029E7904800688D
:1036700000F002000028F2D1207800F008000828AD
:103680002DD1A069B8B101208B490860FFF7E8FC93
:10369000054606E0FFF7E4FC401B022801D90320A1
:1036A0000EE78348406A00F002000028F2D00120B3
:1036B00001F072FD13E000207F490860FFF7D0FCA5
:1036C000054606E0FFF7CCFC401B022801D9032089
:1036D000F6E67748406A00F002000028F2D1207830
:1036E00000F00400042873D100277148C06900F07D
:1036F000805070B900BF6E48C06940F080506C497E
:10370000C8610846C06900F08050009000BF00BF4B
:1037100001276A48006800F48070B0B96748006803
:1037200040F4807065490860FFF79AFC054606E0A2
:10373000FFF796FC401B642801D90320C0E65F48D0
:10374000006800F480700028F2D000BFE068012813
:1037500006D15748006A40F001005549086227E049
:10376000E06858B95248006A20F0010050490862E8
:103770000846006A20F00400086219E0E0680528A5
:103780000BD14B48006A40F00400494908620846E2
:10379000006A40F0010008620AE04548006A20F033
:1037A0000100434908620846006A20F004000862EC
:1037B00000BFE068A0B1FFF753FC054609E0FFF742
:1037C0004FFC401B41F28831884202D9032077E642
:1037D00022E03748006A00F002000028EFD012E033
:1037E000FFF73EFC054608E0FFF73AFC401B41F2BC
:1037F0008831884201D9032062E62D48006A00F032
:1038000002000028F0D1012F05D12948C06920F01D
:1038100080502749C86100BFE069C8B324484068A8
:1038200000F00C00082860D0E069022848D1002090
:1038300020490866FFF714FC054606E0FFF710FC78
:10384000401B022801D903203AE61948006800F01D
:1038500000700028F2D1206AB0F5803F07D11448EB
:10386000406820F40030A168084311494860D4E959
:10387000080108430E49496821F4741108430C49B2
:10388000486001200B490866FFF7EAFB054607E0A0
:103890003DE0FFF7E5FB401B022801D903200FE6BE
:1038A0000348006800F000700028F2D02FE000000C
:1038B000001002400000424280044242007000407A
:1038C000002014490866FFF7CBFB054606E0FFF72A
:1038D000C7FB401B022801D90320F1E50E48006810
:1038E00000F000700028F2D111E0E069012800D159
:1038F000E6E50948466806F48031206A814204D131
:1039000006F47011606A814201D00120D8E50020E0
:10391000D6E50000000042420010024010B5044607
:103920000CB9012010BD606A38B96068B0F5827FBB
:1039300000D105E00021E16102E000212161616127
:103940000021A16294F8510028B9002084F85000A9
:10395000204600F042F8022084F8510020680068F8
:1039600020F0400021680860A08800F4827021895E
:1039700001F404410843A18901F400610843217C5A
:1039800001F002010843217D01F001010843218B70
:1039900001F400710843217F01F038010843202120
:1039A000095D01F080010843218D01F400510843B5
:1039B000216808600421A06901EA1040216848607C
:1039C0002068C06920F400602168C861002060653B
:1039D000012084F851000020A4E770472DE9F84F3A
:1039E0000446884616461D464FF0000A00BF94F86C
:1039F0005000012802D10220BDE8F88F012084F890
:103A0000500000BFFFF72CFB0746B14694F8510069
:103A1000012802D04FF0020AADE0B8F1000F00D04B
:103A200016B94FF0010AA6E0032084F851000020E7
:103A30006065C4F83080A686E686A063A087E0872C
:103A400060642064A068B0F5004F0BD12068006866
:103A500020F04000216808602068006840F4804041
:103A6000216808602068006800F04000402805D008
:103A70002068006840F0400021680860E068B0F508
:103A8000006F2FD1606810B1B9F1010F09D1206B1F
:103A900000882168C860206B801C2063E08E401E77
:103AA000E0861BE02068806800F0020002280AD14E
:103AB000206B00882168C860206B801C2063E08E2A
:103AC000401EE0860AE0FFF7CBFAC01BA84201D3F4
:103AD000681C00B915B94FF0030A4CE0E08E0028CD
:103AE000E0D12EE0606810B1B9F1010F09D1206B6F
:103AF000007821680873206B401C2063E08E401E14
:103B0000E0861BE02068806800F0020002280AD1ED
:103B1000206B007821680873206B401C2063E08EC6
:103B2000401EE0860AE0FFF79BFAC01BA84201D3C3
:103B3000681C00B915B94FF0030A1CE0E08E00289C
:103B4000E0D13A462946204601F042FB08B1202048
:103B50006065A06850B900BF002000902068C06870
:103B6000009020688068009000BF00BF606D08B1C1
:103B70004FF0010A00BF012084F8510000BF00206F
:103B800084F8500000BF504636E72DE9FF5F044639
:103B9000884691461D460E9E01200290002001900D
:103BA00000BF94F85000012803D1022004B0BDE802
:103BB000F09F012084F8500000BFFFF751FA07463C
:103BC00094F851B060680390AA46BBF1010F0BD086
:103BD0000398B0F5827F04D1A06810B9BBF1040F3F
:103BE00002D002200190DBE0B8F1000F03D0B9F160
:103BF000000F00D015B901200190D1E094F85100D8
:103C0000042802D0052084F8510000206065C4F823
:103C10003890E587A587C4F83080E586A5862064BE
:103C200060642068006800F04000402805D02068EB
:103C3000006840F0400021680860E068B0F5006F5F
:103C40004AD1606810B1BAF1010F09D1206B008828
:103C50002168C860206B801C2063E08E401EE086D7
:103C600033E02068806800F00200022810D1E08E66
:103C700070B1029801280BD1206B00882168C860C0
:103C8000206B801C2063E08E401EE08600200290A6
:103C90002068806800F0010068B1E08F58B12068AA
:103CA000C068A16B0880A06B801CA063E08F401EE1
:103CB000E08701200290FFF7D3F9C01BB04204D384
:103CC000701C10B1032001906AE0E08E0028C8D17A
:103CD000E08F0028C5D14AE0606810B1BAF1010F49
:103CE00009D1206B007821680873206B401C206389
:103CF000E08E401EE08634E02068806800F002001C
:103D0000022810D1E08E70B1029801280BD1206BEF
:103D1000007821680873206B401C2063E08E401EF1
:103D2000E086002002902068806800F0010068B101
:103D3000E08F58B12068C068A16B0870A06B401C70
:103D4000A063E08F401EE08701200290FFF788F912
:103D5000C01BB04201D3701C00B916B903200190FA
:103D60001EE0E08E0028C7D1E08F0028C4D13A467B
:103D70003146204601F02CFA20B10120019020208C
:103D800060650DE0A06850B900BF00200090206879
:103D9000C068009020688068009000BF00BF00BF2E
:103DA000012084F8510000BF002084F8500000BFBB
:103DB0000198FBE6042808D14FF0E021096941F0A1
:103DC00004014FF0E022116107E04FF0E0210969A2
:103DD00021F004014FF0E0221161704770B50446F4
:103DE0002546681EB0F1807F01D301200FE0681ED8
:103DF0004FF0E02148610F214FF0FF3005F07EF9D0
:103E000000204FF0E021886107200861002070BD8C
:103E100070B504460D46164600BF94F83C000128D4
:103E200001D1022070BD012084F83C0000BF36B1F2
:103E3000042E1BD0082E31D00C2E5ED145E0294631
:103E4000206803F037FC2068806940F00800216892
:103E500088612068806920F00400216888612068FA
:103E60008069296908432168886147E029462068FC
:103E700003F058FC2068806940F400602168886184
:103E80002068806920F480602168886120688069EA
:103E9000296940EA0120216888612FE029462068CD
:103EA00003F07EFC2068C06940F008002168C8610A
:103EB0002068C06920F004002168C8612068C069DA
:103EC000296908432168C86118E02946206803F081
:103ED000A3FC2068C06940F400602168C8612068C4
:103EE000C06920F480602168C8612068C0692969C0
:103EF00040EA01202168C86100E000BF00BF00BFA8
:103F0000002084F83C0000BF00BF8BE710B50446DA
:103F10000CB9012010BD94F83D0028B9002084F8A8
:103F20003C00204600F025F8022084F83D00211DC9
:103F3000206803F05FFB012084F8460000BF84F88E
:103F40003E0001213F2001554020015541200155EF
:103F500000BF00BF012084F84200432001554420E7
:103F600001554520015500BF012084F83D00002087
:103F7000D0E7704770B504460D4615B994F83E0079
:103F80000BE0042D02D13F20005D06E0082D02D198
:103F90004020005D01E04120005D012801D00120AA
:103FA00070BD1DB9022084F83E000EE0042D03D13F
:103FB00002213F20015508E0082D03D102214020B5
:103FC000015502E0022141200155012229462068C5
:103FD00003F05EFB1F492068884203D01E49206819
:103FE000884201D1012000E0002028B12068406C07
:103FF00040F400402168486416492068884213D084
:104000001549206888420FD02068B0F1804F0BD04E
:1040100012492068884207D011492068884203D09D
:104020001049206888420CD12068806800F007069B
:10403000062E0CD02068006840F00100216808605E
:1040400005E02068006840F0010021680860002059
:10405000A6E70000002C01400034014000040040AD
:1040600000080040000C004070B5044600252068A0
:104070004069C0F3C01594F8390021280ED16DB104
:104080002068406920F0800021684861206B10B1F1
:10409000206BFEF7D7FA204604F0EDFC206840695B
:1040A000C0F3801594F83A0022280ED16DB1206833
:1040B000406920F0400021684861606B10B1606B7E
:1040C000FEF7C0FA204604F0B6FC002070BD704731
:1040D0002DE9F0470446206805682068C668206816
:1040E00047694FF00008C14605F00F08B8F1000F0E
:1040F0000AD105F0200038B106F0200020B120469A
:1041000004F0C3FCBDE8F087B8F1000F71D007F0F0
:10411000010018B906F4907000286AD005F001007B
:1041200030B106F4807018B1E06B40F00100E0633C
:1041300005F0040030B107F0010018B1E06B40F069
:104140000200E06305F0020030B107F0010018B191
:10415000E06B40F00400E06305F0080048B106F0B1
:10416000200010B907F0010018B1E06B40F0080022
:10417000E063E06B68B305F0200028B106F0200092
:1041800010B1204604F081FC20684069C0F380191A
:10419000E06B00F0080010B9B9F1000F22D0204602
:1041A00004F049FC2068406900F04000B0B120688C
:1041B000406920F0400021684861606B50B11848A8
:1041C000616B4863606BFEF769FA10B1606B416B1D
:1041D00088470CE02046FFF77AFF08E02046FFF70B
:1041E00076FF04E02046FFF772FF0020E06389E7D6
:1041F000FFE705F0800030B106F0800018B12046DE
:1042000004F012FD7EE705F0400030B106F04000FA
:1042100018B1204604F01FFC74E700BF72E70000ED
:104220007F89000810B504460CB9012010BDA069B3
:1042300000B100E000BF94F8390028B9002084F8EC
:104240003800204600F027F8242084F83900206840
:10425000C06820F400502168C860204604F066FC65
:104260002068006920F49040216808612068406956
:1042700020F02A00216848612068C06840F400509E
:104280002168C8600020E063202084F8390084F8A9
:104290003A000020CAE7704777B581B0044615465A
:1042A00094F83A00202850D1029800B115B90120A5
:1042B00004B070BD00BF94F83800012801D102207D
:1042C000F6E7012084F8380000BF0298A062A585B7
:1042D0000020E063222084F83A001D48616B886268
:1042E0001C48616BC8621C48616B08630020616BED
:1042F000486302AE32682368191D2B46606BFEF7D7
:10430000B3FC00BF00200090206800680090206887
:104310004068009000BF00BF00BF002084F8380054
:1043200000BF2068C06840F480702168C8602068C1
:10433000406940F00100216848612068406940F010
:104340004000216848610020B2E70220B0E7000089
:10435000E3890008298A000893890008704770479C
:104360002DE9F84F04460E46174699464FF0000ACD
:1043700094F8390020285AD106B117B90120BDE8B8
:10438000F88F00BF94F83800012801D10220F6E729
:10439000012084F8380000BF0020E063212084F869
:1043A0003900FEF75DFE8246A784E784A068B0F579
:1043B000805F04D1206910B90025B04602E035467F
:1043C0004FF0000800BF002084F8380000BF1BE059
:1043D0005346002280212046CDF8009004F054FC82
:1043E00008B10320CBE745B9B8F80000C0F30800D6
:1043F0002168486008F1020803E0287821684860D5
:104400006D1CE08C401EE084E08C0028E0D1534617
:10441000002240212046CDF8009004F035FC08B180
:104420000320ACE7202084F839000020A7E7022011
:10443000A5E7704788B02FE04FF0FF33102204A9A2
:104440001648006806F012FC30BB9DF8100000B35F
:1044500000208DF8100008E000230C2201A910486C
:10446000006806F003FC00B100E0F5E700BF0DA016
:1044700004F006FE05F08CFF07F05EFA044607F034
:1044800099FA0E48006807F02DFA05F091FF06F042
:104490000DFE04A803F0B6FACEE700003C000020B1
:1044A0003800002053776974636820746F20415589
:1044B000544F204D6F64650D0A0000002400002059
:1044C00004E003F041FB0120FDF7EFFDF9E704E014
:1044D00003F0C0FB0120FDF7E8FDF9E705E003F07C
:1044E000A9FE4FF4C870FDF7E0FDF8E705E003F022
:1044F000F9FE4FF41670FDF7D8FDF8E700BFFEE7B0
:1045000088B00EE0142007F0E7FA04462346202284
:1045100069460448006806F0A9FB10B9684603F034
:10452000FFFEEFE74000002000BFFEE770B5044645
:1045300014B94FF0FF3070BD4148C4F8B8003720BF
:1045400084F8BC00002084F8BD004FF482706060E5
:104550000021A160E1600221216101216161490224
:10456000A1610021E16121626162A1620721E16232
:104570002046FDF78BFF00F0ACFE2046FDF70FFC58
:1045800005460DB12846D6E700F0A3FE2046FDF70C
:104590004FFB054615B16FF01400CCE70221204611
:1045A000FDF76CFC05460DB12846C4E700F091FE0E
:1045B0002046FDF707FC05460DB12846BBE700F095
:1045C00088FE06212046FDF70FFB064616B94FF080
:1045D000FF30B0E72046FDF7A3F9054615B14FF0CF
:1045E000FF30A8E70FE03068072801D10C360AE059
:1045F00000F06FFE31782046FDF740FC054605B11E
:1046000005E00C3600BF16B130683028EBD100BF92
:1046100000F05FFE38212046FDF730FC05460DB165
:10462000284688E700F055FE01212046FDF726FCCC
:1046300005460DB128467EE700F04BFE28467AE796
:10464000801200202DE9F04F95B004468B460025DE
:10465000002009900890079014B1D4F8B80020B950
:104660006FF0150015B0BDE8F08FFEF7F9FC08906B
:1046700000260CE0002104F1C00000EB4610416070
:1046800004F1C00202EB46129161D161761C94F8EC
:104690004002B042EEDC00BF00263FE041F288312C
:1046A0002046FDF7B8FB1390139810B16FF0190076
:1046B000D8E704212046FDF797FA8246BAF1000FA9
:1046C00002D16FF01500CDE704212046FDF7CCFAAA
:1046D000139908431390139810B16FF01600C1E7B7
:1046E000DAF8049009F0FF0012904FEA192900BF90
:1046F00000250EE004F1C00000EB4510417812984F
:10470000814205D104F1C00000EB4510C0F80490CF
:104710006D1C94F84002A842ECDC761C94F8400230
:10472000B042BBDC002573E004F1C00000EB451093
:10473000D0F80490B9F1000F0BD1FEF791FC089965
:10474000401A07900798584502D96FF01B0089E777
:10475000A2E704F1C00000EB451040780C2817DAFE
:104760004846FCF78DFB0022324BCDE90001FCF7F7
:1047700071FA0022304BCDE90201FCF7DDFA00228C
:104780002C4BCDE90401FCF75FFA0746884616E09A
:104790004846FCF775FB294A294BCDE90001FCF797
:1047A00059FA0022244BCDE90201FCF7C5FA234A4D
:1047B000234BCDE90401FCF747FA0746884604F18C
:1047C000C00000EB4510C1688068CDE90C0104F120
:1047D000C00000EB451041690069CDE90E01DDE93B
:1047E0000C013A464346CDE90201FCF733FACDE924
:1047F0000401DDE90E01CDE90201DDE90423FCF746
:1048000082F904F1C00202EB4512C2E906016D1CF7
:1048100094F84002A84287DCFEF722FC0899401A6F
:1048200007900798584502D96FF01B001AE700203F
:1048300018E7000000003940000060419A999999FA
:104840009999A93F10B504462046FDF709FDC820F7
:10485000FDF72BFC04230E22D021204600F08CFD16
:10486000C820FDF722FC00230F22D021204600F0B3
:1048700083FDC820FDF719FC10BD70B505460C4638
:104880000622D021284600F03CFD20700522D021D0
:10489000284600F036FD60700422D021284600F042
:1048A00030FDA0700222D021284600F02AFDE070E1
:1048B0000122D021284600F024FD20710022D021C1
:1048C000284600F01EFD60710322D021284600F02A
:1048D00018FDA071012070BD70B505460C4600BFE3
:1048E00023780622D021284600F046FD08B9002092
:1048F00070BD63780522D021284600F03DFD08B93F
:104900000020F5E7A3780422D021284600F034FDEA
:1049100008B90020ECE7E3780222D021284600F015
:104920002BFD08B90020E3E723790122D021284696
:1049300000F022FD08B90020DAE763790022D021D7
:10494000284600F019FD08B90020D1E7A379032219
:10495000D021284600F010FD08B90020C8E700BFAC
:104960000120C5E71CB5044606A103C9CDE9000135
:1049700040F22D10005D8DF803006946204600F0DE
:1049800083FF1CBDFFAA24000000000010B50446F0
:10499000204600F007FF2046FDF7A2FD204600F06C
:1049A000B7F9204600F0C8F9204600F0D9F92046B2
:1049B00000F09AF92046FFF7D5FF0021204600F0CD
:1049C00081F910BD70B504464FF49570005B00F49A
:1049D000007090B3B4F93801FCF71DFA06464FF0A9
:1049E0008E41FCF752F805464FF08341FCF71BF867
:1049F0004FF4A0710851B4F93A01FCF70CFA0646DD
:104A00004FF08E41FCF741F805464FF08341FCF72B
:104A10000AF84FF4A2710851B4F93C01FCF7FBF914
:104A200006464FF08E41FCF730F805464FF08341C3
:104A3000FBF7F9FF4FF4A47108514FF49570005B38
:104A400000F4806078B3B4F94C01FCF7E4F9064651
:104A50004FF08E41FCF719F805465749FBF7E3FF85
:104A60004FF4AA710851B4F94E01FCF7D4F9064687
:104A70004FF08E41FCF709F805464F49FBF7D3FF8D
:104A80004FF4AC710851B4F95001FCF7C4F9064673
:104A90004FF08E41FBF7F9FF05464749FBF7C3FF8F
:104AA0004FF4AE7108514FF49570005B00F4006054
:104AB00078B3B4F96001FCF7AEF906464FF08E41C9
:104AC000FBF7E3FF05463D49FBF7ADFF4FF4B4713B
:104AD0000851B4F96201FCF79EF906464FF08E4189
:104AE000FBF7D3FF05463549FBF79DFF4FF4B67141
:104AF0000851B4F96401FCF78EF906464FF08E4177
:104B0000FBF7C3FF05462D49FBF78DFF4FF4B87146
:104B100008514FF49570005B00F48050A0B1B4F9D7
:104B20007401FCF778F94FF4BE710851B4F97601BD
:104B3000FCF771F94FF4C0710851B4F97801FCF732
:104B40006AF94FF4C27108514FF49570005D00F09E
:104B5000020078B3B4F98801FCF75DF905464FF01F
:104B60008E41FBF792FF4FF4C8710851B4F98A01E6
:104B7000FCF751F905464FF08E41FBF786FF4FF4E5
:104B8000CA710851B4F98C01FCF745F905464FF09C
:104B90008E41FBF77AFF4FF4CC710851B4F98E01C6
:104BA000FCF739F905464FF08E41FBF76EFF4FF4E5
:104BB000CE71085170BD00000000FA44000034437B
:104BC00030B50146E520405C002879D000206DE03A
:104BD000E0225258125C552A66D10023002206E0DA
:104BE000E02464588518645D1C44E3B2521C0A2A10
:104BF000F6DBE022545800F10A02A25C9A4251D13D
:104C0000E0225458421CA25C503A0A2A48D2DFE8FB
:104C100002F005101B2631474747473CE022545815
:104C2000821C14442568C1F82E516468C1F83241D1
:104C300037E0E0225458821C14442568C1F83851EA
:104C40006468C1F83C412CE0E0225458821C1444B2
:104C50002568C1F84C516468C1F8504121E0E02258
:104C60005458821C14442568C1F860516468C1F826
:104C7000644116E0E0225458821C14442568C1F8AF
:104C800074516468C1F878410BE0E0225458821CEA
:104C900014442568C1F888516468C1F88C4100E06B
:104CA00000BF00E001E000BF00BF401CDC22525A00
:104CB00082428DDC0022E5204254012030BDFFE716
:104CC0000020FBE77CB505460C4605A103C9CDE9EC
:104CD00000018DF803406946284600F0D5FD7CBDF3
:104CE000FFAA6300000000001CB5044606A103C92A
:104CF000CDE900014FF49670005D8DF80300694620
:104D0000204600F0C1FD1CBDFFAA230000000000EA
:104D10001CB5044606A103C9CDE9000194F8280199
:104D20008DF803006946204600F0AEFD1CBD000072
:104D3000FFAA0400000000001CB5044606A103C938
:104D4000CDE9000140F22910005D8DF803006946AD
:104D5000204600F099FD1CBDFFAA030000000000E2
:104D60001CB5044609A103C9CDE900014FF49570B3
:104D7000005B00128DF803004FF49570005D8DF814
:104D800004006946204600F07FFD1CBDFFAA02001A
:104D9000000000002DE9FC5F82469AF81800062802
:104DA00052D2DFE800F003101D2A3744402150465C
:104DB00000F02EFEDA4908605021504600F028FE2F
:104DC000D849086040E04221504600F021FED44915
:104DD00008605221504600F01BFED249086033E0C3
:104DE0004421504600F014FECD490860542150463D
:104DF00000F00EFECB49086026E04621504600F048
:104E000007FEC74908605621504600F001FEC5491B
:104E1000086019E04821504600F0FAFDC0490860DA
:104E20005821504600F0F4FDBE4908600CE04A21CC
:104E3000504600F0EDFDBA4908605A21504600F096
:104E4000E7FDB849086000BF00BFB649DAF8300096
:104E50000968A1EB0020B44908600023DAF83400A7
:104E60000968CE17A0FB014703FB017100FB061187
:104E70004FF400022046FBF7F1F94FF4FA614018B5
:104E8000AA4908604FF00003A748DAF82810006824
:104E90004FEAE076A1FB004703FB007001FB06012F
:104EA0004FF480722046FBF7D9F94FF40043DAF84B
:104EB0002020A2FB0323801859419D4A03C20023EE
:104EC0009949DAF82C000968CE17A0FB014703FBCB
:104ED000017100FB061180222046FBF7BFF94FF459
:104EE0008033DAF82420A2FB032380185941914A29
:104EF00003C28E480068642190FBF1F42046FBF762
:104F00008AFFCAF80000864800680023884AD2E970
:104F1000001CA0FB016B03FB01B100FB0C114FF463
:104F200000123046FBF79AF9824B0CCB801A61EBEA
:104F300003014FF400520023CDE90001FBF78EF985
:104F400004460A220023FBF789F98046FBF771FF2C
:104F5000CAF8040075480068B0F5FA6F5CDA0320FF
:104F60007149096880FB01236F480068C117A2FBE3
:104F7000004703FB007001FB0201002202232046D0
:104F8000FBF76CF96C49086068490968A1F5FA619A
:104F900001EB4101654A1268A2F5FA6201FB02F0D9
:104FA00000EBD0714910654A116060490968A1F5AC
:104FB000FA6101EB81015D4A1268A2F5FA6201FB18
:104FC00002F0C11700EB5171C9105D4A11605748DA
:104FD00000685C4988423EDA5448006800F2DC50C0
:104FE000C0EBC0015148006800F2DC50534A12681F
:104FF00001FB0020514908604C48006800F2DC5079
:1050000081004A48006800F2DC504D4A126801FBFA
:1050100000204B4908601EE04348006840434000C0
:10502000C117044600222023FBF718F94249086003
:105030003E490968A1F5FA613C4A1268A2F5FA6294
:1050400001FB02F0C11700EB117109113B4A11601D
:1050500000203B4908603748D0E9003037490968EB
:10506000CA17591A60EB0200374AC2E900103048EB
:10507000D0E9003032490968CA17591A60EB0200BA
:10508000324AC2E900102648006800222F49D1E9BF
:105090000031A0FB036B02FB03B201FB00214FF4C4
:1050A000001200233046FBF7D9F8274AD2E9003234
:1050B000C41A61EB02012046FBF7BBFE81464FF0AC
:1050C0008C41FBF7E2FC80462149FBF7DEFCCAF885
:1050D0000C0016490968184A1268881AFBF79BFEEB
:1050E00004461C49FBF7D1FCCAF80800DAF80800AE
:1050F000CAF814001849DAF80C00FBF78EFC0646D3
:105100001649FBF7C2FC05461549FBF78CFC044623
:105110001049FBF788FCCAF81000BDE8FC9F0000AE
:105120001011002014110020F4100020F8100020AD
:10513000081100200011002020110020181100206B
:105140001C11002024FAFFFF28110020301100203C
:10515000000020410000C84200407D4400007A4425
:10516000CDCC1C4110B5044604F13800FDF778F8A9
:10517000204600F0BAFC1420FCF797FF204600F010
:10518000EEFB1420FCF791FF204600F09BFB08B9D2
:10519000002010BD0120FCE708B508490968C908CE
:1051A0004FF47A72B1FBF2F14143009100BF00BFAE
:1051B00000994A1E00920029F9D108BD5011002023
:1051C00010B5044603F032FB0120FCF76EFF10BD62
:1051D000F8B504460D4616462B460022802120468F
:1051E000009600F009F828B1606D40F0200060657D
:1051F0000320F8BD0020FCE72DE9F84F04460D46DA
:1052000090461E46DDF82890FDF72AFFA0EB090026
:10521000371AFDF725FF82462C480068C0F3CB30D3
:105220007843009045E0701C002842D0FDF718FF3D
:10523000A0EB0A00B84200D2A7BB2068406820F06B
:10524000E000216848606068B0F5827F0DD1A068F9
:10525000B0F5004F03D0A068B0F5806F05D120688D
:10526000006820F0400021680860A06AB0F5005F87
:105270000DD100BF2068006820F40050216808604C
:105280002068006840F400502168086000BF0120D9
:1052900084F8510000BF002084F8500000BF0320B4
:1052A000BDE8F88FFFE7009800B900270098401E7E
:1052B0000090206880682840A84201D1012000E0C9
:1052C00000204045AFD10020EAE700005011002047
:1052D0007047002005E0002100E0491C0A29FCDBA2
:1052E000401C42F210729042F5DB7047002105E04D
:1052F000002200E0521C0C2AFCDB491C8142F7DB37
:1053000070472DE9F04106460C4615460027304609
:10531000FDF705F821463046FCF7D6FF3046FDF78D
:105320002EF800B123E029463046FCF7CDFF304689
:10533000FDF725F800B11AE03046FCF7F0FF012038
:10534000FFF7D4FF44F001013046FCF7BDFF3046C3
:10535000FDF715F800B10AE001213046FCF787FFA0
:1053600007463046FCF7F3FF3846BDE8F08130468B
:10537000FCF7EDFF0020F8E72DE9F04107460C4669
:1053800015461E463846FCF7CAFF04F0FE042146C7
:105390003846FCF799FF3846FCF7F1FF00B117E0FB
:1053A00029463846FCF790FF3846FCF7E8FF00B185
:1053B0000EE031463846FCF787FF3846FCF7DFFF42
:1053C00000B105E03846FCF7C2FF0120BDE8F081DE
:1053D0003846FCF7BCFF0020F8E7000008B53F4A5C
:1053E000016991420DD100BF3D49896941F0040135
:1053F0003B4A91611146896901F00401009100BFA7
:105400006BE0384A016991420DD100BF3449896986
:1054100041F00801324A91611146896901F00801A1
:10542000009100BF59E0304A016991420DD100BF9F
:105430002B49896941F01001294A91611146896916
:1054400001F01001009100BF47E0284A0169914234
:105450000DD100BF2249896941F02001204A9161A4
:105460001146896901F02001009100BF35E0204A12
:10547000016991420DD100BF1949896941F040018C
:10548000174A91611146896901F04001009100BFFE
:1054900023E0184A016991420DD100BF1049896982
:1054A00041F080010E4A91611146896901F0800145
:1054B000009100BF11E0104A016991420DD100BF77
:1054C0000749896941F48071054A916111468969EA
:1054D00001F48071009100BF00BF08BD00080140C9
:1054E00000100240000C0140001001400014014077
:1054F00000180140001C01400020014010B5044686
:105500002068012808D1627D217D0620FDF74CFE30
:105510000620FDF739FE69E02068022808D1627D87
:10552000217D0720FDF740FE0720FDF72DFE5DE001
:105530002068042808D1627D217D0820FDF734FE13
:105540000820FDF721FE51E02068082808D1627D7F
:10555000217D0920FDF728FE0920FDF715FE45E015
:105560002068102808D1627D217D0A20FDF71CFEED
:105570000A20FDF709FE39E0206820280DD02068B8
:1055800040280AD02068802807D02068B0F5807FA6
:1055900003D02068B0F5007F08D1627D217D1720FF
:1055A000FDF702FE1720FDF7EFFD1FE02068B0F5C4
:1055B000806F13D02068B0F5006F0FD02068B0F571
:1055C000805F0BD02068B0F5005F07D02068B0F591
:1055D000804F03D02068B0F5004F07D1627D217D58
:1055E0002820FDF7E1FD2820FDF7CEFD10BD10B508
:1055F000044621462069FDF785FB10BD00B58FB03C
:10560000282105A8FAF784FE14216846FAF780FEDF
:1056100001200590000406900020079001200990C9
:1056200002200C90C1030D914FF4E0110E9105A8DA
:10563000FDF742FF08B100BFFEE70F2000900220F7
:105640000190002002904FF48060039000200490AD
:1056500002216846FDF7FAFD08B100BFFEE70FB072
:1056600000BD10B5FDF7B8FE4FF47A71B0FBF1F450
:105670002046FEF7B3FB0420FEF79CFB00220F211F
:10568000501EFDF791FD10BD10B504462046FCF7F5
:1056900012FD10BD10B50446228B91B2A06AFDF731
:1056A000D1FC10BD10B50446228891B201222069B8
:1056B000FDF7D0FC10BD10B50446228891B200223F
:1056C0002069FDF7C7FC10BD10B50446228B91B2CE
:1056D0000122A06AFDF7BEFC10BD1FB504460020E4
:1056E0000090019002900390A0690090002001902A
:1056F0000290032003906946A06AFDF703FB1FBDDB
:1057000010B50446228B91B20022A06AFDF7A2FCDC
:1057100010BD1FB504460020009001900290039038
:10572000A0690090012001900020029003200390C6
:105730006946A06AFDF7E6FA1FBD10B5044620468B
:10574000FFF7B9FF2046FFF7E4FF2046FFF7D8FF39
:105750000220FFF799FF2046FFF7A4FF0220FFF782
:1057600093FF2046FFF7A7FF10BD10B50446204663
:10577000FFF7A1FF2046FFF7CCFF2046FFF7A4FF6D
:105780000220FFF781FF2046FFF78CFF0220FFF782
:105790007BFF2046FFF78FFF10BD10B51420FCF7EC
:1057A00084FC10BD90F828110A292ED2DFE801F000
:1057B00005090D1115191D2125294FF416614160A8
:1057C00023E04FF4965141601FE04FF416514160C1
:1057D0001BE04FF49641416017E04FF416414160E1
:1057E00013E04FF4614141600FE04FF4E13141605B
:1057F0000BE04FF46131416007E04FF4E12141607B
:1058000003E04FF46121416000BF00BF00BF0168A9
:1058100009B90849016000BF074A0168914207D0F1
:1058200000BF90F8C91011B9012280F8C92000BF4B
:105830007047000000440040005000407CB5054621
:105840000C460FA103C9CDE9000124B1012C06D0FB
:10585000FF2C0CD107E000208DF8030008E00120A8
:105860008DF8030004E0FF208DF8030000BF00BFA7
:1058700000BF052269462846FCF7D7FE7CBD000024
:10588000FFAA00000000000070B504460D46204647
:1058900000F00EF8FFF781FF052229462046FCF7AD
:1058A000C4FEFFF77AFF00212046FFF7C7FF70BD57
:1058B00010B50446052202492046FCF7B6FE10BD8D
:1058C0004FC30008F0B588B0044600210026002729
:1058D000002306E004F11C0050F823004DF82300DB
:1058E0005B1C072BF6DB0098C0F30B000090002038
:1058F0000790002224E0104602EBD07C4FEA6C0CAB
:10590000A2EB4C0CBCF1010F04D150101DF820008B
:10591000414005E050105DF82000C0F30F204140E9
:1059200008250AE001F4004020B14FF4405080EA1D
:10593000410100E04900681EC5B2002DF2DC521C96
:10594000102AD8DBC1F303310E46E069C0F30737F4
:10595000BE4202D1012008B0F0BD0020FBE72DE9D6
:10596000F0410446204600F0C0F81420FCF79DFBEF
:10597000002549E004F13800FCF7D1FCEC2104F1EA
:105980003800FCF7A1FC04F13800FCF7F8FCA0207B
:1059900000EB4500C1B204F13800FCF795FC04F1BE
:1059A0003800FCF7ECFC04F13800FCF7D0FC0520D3
:1059B000FCF781FB04F13800FCF7B1FCED2104F1A8
:1059C0003800FCF781FC0520FCF775FB04F138007A
:1059D000FCF7D5FC012104F13800FCF748FC064631
:1059E0000520FCF768FB002104F13800FCF73FFCC0
:1059F000074604F13800FCF7AAFC47EA062104F147
:105A00001C0040F825106D1C072DB3DBBDE8F081AC
:105A1000F8B504460E46002504F13800FCF77FFC7B
:105A2000EC2104F13800FCF74FFC04F13800FCF7DE
:105A3000A6FC314604F13800FCF746FC04F13800BE
:105A4000FCF79DFC04F13800FCF781FC0A20FCF710
:105A50002CFB04F13800FCF762FCEC2104F1380067
:105A6000FCF732FC04F13800FCF789FC002104F15A
:105A70003800FCF729FC04F13800FCF780FC04F145
:105A80003800FCF764FC04F13800FCF748FCED2119
:105A900004F13800FCF718FC04F13800FCF76FFC47
:105AA000012104F13800FCF7E2FB8DF80000012130
:105AB00004F13800FCF7DBFB8DF80100002104F154
:105AC0003800FCF7D4FB8DF8020004F13800FCF735
:105AD0003EFC9DF800509DF8010000EB05259DF867
:105AE000020000EB05252846F8BD10B5044604F178
:105AF0003800FCF714FCEC2104F13800FCF7E4FB5F
:105B000004F13800FCF73BFC1E2104F13800FCF7DF
:105B1000DBFB04F13800FCF732FC04F13800FCF741
:105B200016FC10BD08B5364A016891420DD100BF80
:105B30003449896941F40061324A916111468969A9
:105B400001F40061009100BF59E00168B1F1804F9C
:105B50000DD100BF2B49C96941F00101294AD1612A
:105B60001146C96901F00101009100BF47E0264AD2
:105B7000016891420DD100BF2249C96941F002017B
:105B8000204AD1611146C96901F00201009100BFAC
:105B900035E01E4A016891420DD100BF1949C9691B
:105BA00041F00401174AD1611146C96901F00401AD
:105BB000009100BF23E0164A016891420DD100BF59
:105BC0001049C96941F008010E4AD1611146C969FD
:105BD00001F00801009100BF11E00E4A01689142F6
:105BE0000DD100BF0749896941F40051054A91610F
:105BF0001146896901F40051009100BF00BF08BD42
:105C0000002C014000100240000400400008004049
:105C1000000C00400034014038B5044602216167A1
:105C20000121A1670321E16700BF8248806940F03C
:105C30000100804988610846806900F001000090F9
:105C400000BF00BF7C492068884230D18620005DBB
:105C500048B900BF7949486820F0C00040F0E060D2
:105C600000BF4860E0E08620005D01280AD100BF47
:105C70007249486820F0C00040F0E06040F0400009
:105C80004860D1E08620005D022801D100BFFEE718
:105C90008620005D0328E5D100BF6849486820F0F0
:105CA000C00040F0E06040F0C0004860BCE0206808
:105CB000B0F1804F39D18620005D48B900BF5F49FF
:105CC000486820F4407040F0E06000BF4860ABE0FE
:105CD0008620005D01280AD100BF5849486820F499
:105CE000407040F0E06040F4807048609CE08620A6
:105CF000005D02280AD100BF5049486820F4407076
:105D000040F0E06040F4007048608DE08620005D67
:105D10000328A7D100BF4949486820F4407040F0EB
:105D2000E06040F4407048607EE045492068884269
:105D300030D18620005D48B900BF4049486820F452
:105D4000406040F0E06000BF48606DE08620005D8C
:105D500001280AD100BF3949486820F4406040F06A
:105D6000E06040F4006048605EE08620005D02284C
:105D700001D100BFFEE78620005D032854D100BF9B
:105D80002E49486820F4406040F0E06040F44060F4
:105D9000486049E02B492068884224D18620005D74
:105DA00040B900BF2549486840F0E06020F48050C9
:105DB000486039E08620005D012801D100BFFEE780
:105DC0008620005D022801D100BFFEE78620005D2D
:105DD000032829D100BF1949486840F0E06040F429
:105DE0008050486020E01849206888421CD194F80F
:105DF0006C000C2818D18620005D40B900BF0F4907
:105E0000486840F0E06020F4803048600CE0862074
:105E1000005D032808D100BF0849486840F0E060F1
:105E200040F48030486000BF012104F17000FCF7AD
:105E30006BF938BD00100240002C01400000014009
:105E40000004004000080040000C00402DE9F04133
:105E50000446472060600021A1602149606EB1FBCB
:105E6000F0F0401EE06000212161A1612046FEF7B4
:105E70004DF818B168211BA0FCF792F96020A064CE
:105E80001749606EB1FBF0F0A0F101084046FAF747
:105E9000CBFF0746A16EFAF7C6FD06461849FAF78A
:105EA000F4FD0546FBF712F8E0640021216594F843
:105EB0006C2004F148012046FDF7AAFF18B17621B5
:105EC00008A0FCF76DF994F86C102046FEF752F824
:105ED00018B17A2103A0FCF763F9BDE8F081000056
:105EE00040420F002E2E5C4472697665725C5372DC
:105EF000635C6472765F68616C5F70776D2E6300BF
:105F00000000C84210B5044600BF0021A06EFBF798
:105F100057F801D1FC48A06600BF00BF606E08B909
:105F20003220606600BF206800B110BD802000599B
:105F3000F649884273D1206F802871D00CDC042888
:105F400044D004DC012819D002286AD12AE00828AC
:105F500050D04028F9D165E0B0F5806F76D006DCEE
:105F6000B0F5807F73D0B0F5007FEED199E0B0F549
:105F7000006F6DD0B0F5004FE7D1CEE0E44820606F
:105F8000002084F86C00002186200155E14800685B
:105F9000007C10B1E0A003F073F80120DD4909682E
:105FA0000874D3E0DA482060042084F86C000021F3
:105FB00086200155D7480068407C10B1DEA003F070
:105FC0005FF80120D34909684874BFE0D0482060D9
:105FD000082084F86C00002186200155CD48006817
:105FE000807C10B1DCA003F04BF80120C94909689E
:105FF0008874ABE04FF0804020600C2084F86C0087
:10600000002186200155C3480068C07910B1DAA08C
:1060100003F036F80120BF490968C87196E096E0A0
:1060200017E08FE0DC482060002084F86C0000213D
:1060300086200155B7480068007A10B1D7A003F058
:106040001FF80120B349096808727FE03DE014E0C1
:106050004FE0D1482060042084F86C0000218620A5
:106060000155AC480068407A10B1D4A003F008F89C
:106070000120A8490968487268E0D84820600020DB
:1060800084F86C00002186200155A2480068007841
:1060900010B1D3A002F0F4FF01209E4909680870F6
:1060A00054E0CE482060042084F86C000021862053
:1060B000015598480068407810B1D1A002F0E0FF87
:1060C000012094490968487040E0C44820600820D5
:1060D00084F86C000021862001558E480068807885
:1060E00010B1CFA002F0CCFF01208A490968887066
:1060F0002CE0BA4820600C2084F86C000021862037
:10610000015584480068C07810B1CDA002F0B8FFF6
:10611000012080490968C87018E04FF08040206075
:10612000002084F86C00032186200155794800681E
:10613000007910B1CAA002F0A3FF012075490968D7
:10614000087103E0CEA002F09BFF00BF9DE380201A
:106150000059D349884272D1206F402870D00CDC9E
:10616000082843D004DC012818D0022869D129E08E
:10617000102850D02028F9D164E0B0F5007F75D008
:1061800005DC802873D0B0F5807FEFD199E0B0F5C1
:10619000806F6DD0B0F5006FE8D122E27E482060BC
:1061A000082084F86C0000218620015559480068B9
:1061B000807A10B1BBA002F063FF01205549096845
:1061C000887228E2744820600C2084F86C0000215A
:1061D000862001554F480068C07A10B1B9A002F07E
:1061E0004FFF01204B490968C87214E24FF080400C
:1061F0002060042084F86C00032186200155454866
:106200000068407910B1B7A002F03AFF012041497F
:1062100009684871FFE160482060002084F86C0044
:106220000121862001553B480068007A10B1B5A0D5
:1062300002F026FF0120374909680872EBE1EBE123
:1062400017E0E3E154482060042084F86C00012149
:10625000862001552F480068407A10B1B1A002F0A5
:106260000FFF01202B4909684872D4E13DE014E09A
:10627000A2E1B4482060002084F86C000021862050
:10628000015524480068007B10B1AFA002F0F8FE71
:106290000120204909680873BDE1AA482060042054
:1062A00084F86C000021862001551A480068407B64
:1062B00010B1ADA002F0E4FE012016490968487350
:1062C000A9E1A0482060082084F86C000021862005
:1062D000015510480068807B10B1ABA002F0D0FEE1
:1062E00001200C490968887395E1964820600C20CC
:1062F00084F86C0000218620015506480068C07BA8
:1063000000B151E153E100000000F04000080140FD
:10631000000C00404011002054494D355F43483186
:10632000206973206F6E6C792075736564206279C3
:10633000205041300D0A000054494D355F4348322A
:10634000206973206F6E6C792075736564206279A3
:10635000205041310D0A000054494D355F43483308
:10636000206973206F6E6C79207573656420627983
:10637000205041320D0A000054494D325F434834E9
:10638000206973206F6E6C79207573656420627963
:10639000205041330D0A00000004004054494D33A1
:1063A0005F434831206973206F6E6C792075736587
:1063B00064206279205041360D0A000054494D3363
:1063C0005F434832206973206F6E6C792075736566
:1063D00064206279205041370D0A0000002C0140F2
:1063E00054494D315F434831206973206F6E6C7999
:1063F0002075736564206279205041380D0A0000D1
:1064000054494D315F434832206973206F6E6C7977
:106410002075736564206279205041390D0A0000AF
:1064200054494D315F434833206973206F6E6C7956
:10643000207573656420627920504131300D0A0067
:1064400054494D315F434834206973206F6E6C7935
:10645000207573656420627920504131310D0A0046
:1064600054494D325F434831206973206F6E6C7917
:10647000207573656420627920504131350D0A0022
:1064800054686520492F4F20706F72742063616ECD
:106490006E6F74206F75747075742050574D0000C6
:1064A000000C014054494D335F4348332069732049
:1064B0006F6E6C792075736564206279205042306C
:1064C0000D0A000054494D335F434834206973205E
:1064D0006F6E6C792075736564206279205042314B
:1064E0000D0A000054494D325F4348322069732041
:1064F0006F6E6C7920757365642062792050423329
:106500000D0A000054494D335F4348312069732020
:106510006F6E6C7920757365642062792050423407
:106520000D0A000054494D335F43483220697320FF
:106530006F6E6C79207573656420627920504235E6
:106540000D0A00000008004054494D345F434831B3
:10655000206973206F6E6C79207573656420627991
:10656000205042360D0A000054494D345F434832F2
:10657000206973206F6E6C79207573656420627971
:10658000205042370D0A000054494D345F434833D0
:10659000206973206F6E6C79207573656420627951
:1065A000205042380D0A0000B9A002F069FD012018
:1065B000BF490968C8732EE04FF080402060082072
:1065C00084F86C00022186200155B9480068807962
:1065D00010B1B8A002F054FD0120B54909688871D6
:1065E00019E04FF0804020600C2084F86C000221FC
:1065F00086200155AE480068C07910B1B5A002F000
:106600003FFD0120AA490968C87104E0AFF290106B
:1066100002F036FD00BF38E180200059B5498842BC
:1066200061D1206F402808D080281AD0B0F5807F33
:106630002BD0B0F5007F50D13BE0AF482060002068
:1066400084F86C0000218620015599480068007D7F
:1066500010B1AAA002F014FD01209549096808753F
:1066600040E0A5482060042084F86C0000218620CA
:1066700001558F480068407D10B1A8A002F000FDD0
:1066800001208B49096848752CE09B482060082050
:1066900084F86C0000218620015585480068807DC3
:1066A00010B1A6A002F0ECFC0120814909688875B0
:1066B00018E0914820600C2084F86C0000218620AE
:1066C00001557B480068C07D10B1A4A002F0D8FC41
:1066D000012077490968C87504E0AFF25C2002F038
:1066E000CFFC00BFD1E080200059A449884263D18B
:1066F000206FB0F5805F09D0B0F5005F1AD0B0F51B
:10670000804F2BD0B0F5004F50D13BE09C4820602B
:10671000002084F86C00032186200155644800683D
:10672000007B10B197A002F0ABFC01206049096822
:10673000087340E092482060042084F86C00032134
:10674000862001555A480068407B10B195A002F0A0
:1067500097FC01205649096848732CE0884820605E
:10676000082084F86C0003218620015550480068F9
:10677000807B10B193A002F083FC01204C49096892
:10678000887318E07E4820600C2084F86C00032198
:106790008620015546480068C07B10B191A002F0E8
:1067A0006FFC012042490968C87304E0AFF2303041
:1067B00002F066FC00BF68E08020005991498842E1
:1067C00063D1206FB0F5007F09D0B0F5006F1AD00B
:1067D000B0F5005F2BD0B0F5804F50D13BE08A4838
:1067E0002060002084F86C00032186200155304889
:1067F0000068007810B185A002F042FC01202C490D
:106800000968087040E080482060042084F86C002B
:1068100003218620015526480068407810B183A0E6
:1068200002F02EFC01202249096848702CE07648CD
:106830002060082084F86C000321862001551C4844
:106840000068807810B181A002F01AFC012018497C
:106850000968887018E06C4820600C2084F86C008F
:1068600003218620015512480068C07810B17FA02E
:1068700002F006FC01200E490968C87004E0AFF27E
:10688000004002F0FDFB00BF00BF00BFFFF74DBBA3
:1068900054494D345F434834206973206F6E6C79DE
:1068A0002075736564206279205042390D0A00001A
:1068B0004011002054494D325F4348332069732012
:1068C0006F6E6C7920757365642062792050423157
:1068D000300D0A0054494D325F434834206973201B
:1068E0006F6E6C7920757365642062792050423137
:1068F000310D0A00001001400034014054494D3868
:106900005F434831206973206F6E6C792075736521
:1069100064206279205043360D0A000054494D38F6
:106920005F434832206973206F6E6C792075736500
:1069300064206279205043370D0A000054494D38D5
:106940005F434833206973206F6E6C7920757365DF
:1069500064206279205043380D0A000054494D38B4
:106960005F434834206973206F6E6C7920757365BE
:1069700064206279205043390D0A00000014014060
:106980000008004054494D345F434831206973206A
:106990006F6E6C7920757365642062792050443184
:1069A000320D0A0054494D345F4348322069732048
:1069B0006F6E6C7920757365642062792050443164
:1069C000330D0A0054494D345F4348332069732026
:1069D0006F6E6C7920757365642062792050443144
:1069E000340D0A0054494D345F4348342069732004
:1069F0006F6E6C7920757365642062792050443124
:106A0000350D0A0000180140002C014054494D3159
:106A10005F434831206973206F6E6C792075736510
:106A200064206279205045390D0A000054494D31E7
:106A30005F434832206973206F6E6C7920757365EF
:106A40006420627920504531310D0A0054494D319E
:106A50005F434833206973206F6E6C7920757365CE
:106A60006420627920504531330D0A0054494D317C
:106A70005F434834206973206F6E6C7920757365AD
:106A80006420627920504531340D0A0008B51B4A54
:106A9000016891420DD100BF1949896941F48051C3
:106AA000174A91611146896901F48051009100BF34
:106AB00023E0144A016891420DD100BF1049C96911
:106AC00041F480410E4AD1611146C96901F4804107
:106AD000009100BF11E00C4A016891420DD100BF46
:106AE0000749C96941F40041054AD1611146C969A4
:106AF00001F40041009100BF00BF08BD003001401B
:106B00000010024000380040003C004038B5044608
:106B100000BF1848806940F00100164988610846A6
:106B2000806900F00100009000BF00BF124920689A
:106B3000884218D16E20005D40B900BF0F494868F7
:106B400040F0E06020F0010048600CE06E20005D45
:106B5000032808D100BF0949486840F0E06040F0D0
:106B60000100486000BF042104F15800FBF7CCFA93
:106B700038BD00000010024000300140000001401C
:106B800010B504462046FCF7C9FE18B1632102A0E7
:106B9000FBF706FB10BD00002E2E5C447269766583
:106BA000725C5372635C6472765F68616C5F737071
:106BB000692E630010B523A002F062FA00210120C3
:106BC00001F07CFD0021032001F078FD002105206B
:106BD00001F074FD0021072001F070FD40F6B8308F
:106BE000FBF763FA1AA002F04BFA5A21012001F0D8
:106BF00065FD5A21032001F061FD5A21052001F0B5
:106C00005DFD5A21072001F059FD40F6B830FBF731
:106C10004CFA13A002F034FAB421012001F04EFD29
:106C2000B421032001F04AFDB421052001F046FD06
:106C3000B421072001F042FD40F6B830FBF735FAE9
:106C400010BD0000616E676C65203D20300D0A00AC
:106C5000616E676C65203D2039300D0A0000000030
:106C6000616E676C65203D203138300D0A000000F0
:106C70007047000008B52D4A016891420DD100BF50
:106C80002B49896941F48041294A916111468969FA
:106C900001F48041009100BF47E0264A016891421B
:106CA0000DD100BF2249C96941F40031204AD161A8
:106CB0001146C96901F40031009100BF35E01E4A58
:106CC000016891420DD100BF1949C96941F4802181
:106CD000174AD1611146C96901F48021009100BFB2
:106CE00023E0164A016891420DD100BF1049C969DD
:106CF00041F400210E4AD1611146C96901F4002115
:106D0000009100BF11E00E4A016891420DD100BF11
:106D10000749C96941F48011054AD1611146C96921
:106D200001F48011009100BF00BF08BD0038014090
:106D3000001002400044004000480040004C004069
:106D40000050004010B5044694F8C900012809D14C
:106D500004F18400FBF742FF20B14FF4837109A0D6
:106D6000FBF71EFA94F8C800012809D104F140008D
:106D7000FBF734FF20B14FF4867102A0FBF710FA45
:106D800010BD00002E2E5C4472697665725C5372F1
:106D9000635C6472765F68616C5F756172742E63A8
:106DA0000000000038B504462949206888420DD10A
:106DB00000BF2848406940F0010026494861084664
:106DC000406900F00100009000BF40E022492068C7
:106DD00088420DD100BF1F48406940F001001D49A5
:106DE00048610846406900F00100009000BF2EE0B5
:106DF0001A49206888420DD100BF1648406940F00A
:106E00000100144948610846406900F00100009003
:106E100000BF1CE01249206888420DD100BF0D4818
:106E2000406940F002000B4948610846406900F0A3
:106E30000200009000BF0AE00A492068884206D19B
:106E400040F2611108A0FBF7ABF900BFFEE738BDC7
:106E5000003801400010024000440040004800405B
:106E6000004C0040005000402E2E5C447269766554
:106E7000725C5372635C6472765F68616C5F7561AB
:106E800072742E630000000010B5044694F8C90027
:106E900001283AD13D49206888420AD194F8CB2094
:106EA00094F8CA100F20FCF77FF90F20FCF76CF95B
:106EB0002BE03749206888420AD194F8CB2094F817
:106EC000CA101020FCF770F91020FCF75DF91CE0E7
:106ED0003049206888420AD194F8CB2094F8CA102F
:106EE0000D20FCF761F90D20FCF74EF90DE02A4961
:106EF0002068884209D194F8CB2094F8CA103A202F
:106F0000FCF752F93A20FCF73FF994F8C800012841
:106F10003AD11E49206888420AD194F8CD2094F8CD
:106F2000CC100E20FCF740F90E20FCF72DF92BE0D9
:106F30001749206888420AD194F8CD2094F8CC10E3
:106F40001120FCF731F91120FCF71EF91CE0114962
:106F5000206888420AD194F8CD2094F8CC100C20F7
:106F6000FCF722F90C20FCF70FF90DE00A49206824
:106F7000884209D194F8CD2094F8CC103B20FCF73E
:106F800013F93B20FCF700F910BD00000038014068
:106F90000044004000480040004C004038B5044622
:106FA00000BF5348806940F001005149886108469C
:106FB000806900F00100009000BF00BF4D492068CB
:106FC000884228D14FF48570005D40B900BF4A491E
:106FD000486840F0E06020F00400486081E04FF431
:106FE0008570005D032808D100BF4349486840F020
:106FF000E06040F00400486073E04FF48570005D8D
:10700000012801D100BFFEE74FF48570005D022822
:1070100067D100BFFEE739492068884228D14FF484
:107020008570005D40B900BF3349486840F0E060BA
:1070300020F00800486054E04FF48570005D01289E
:1070400001D100BFFEE74FF48570005D022801D139
:1070500000BFFEE74FF48570005D032841D100BFFB
:107060002549486840F0E06040F00800486038E09A
:1070700023492068884234D14FF48570005D48B9B7
:1070800000BF1D49486820F0300040F0E06000BFBC
:10709000486026E04FF48570005D01280AD100BFEA
:1070A0001549486820F0300040F0E06040F01000E2
:1070B000486016E04FF48570005D022801D100BFE2
:1070C000FEE74FF48570005D03280AD100BF0A492E
:1070D000486820F0300040F0E06040F03000486048
:1070E00000BF022104F1F400FBF70EF838BD0000E8
:1070F0000010024000380140000001400044004000
:107100000048004010B504462549206888420AD14D
:1071100094F8252194F824112520FCF745F8252022
:10712000FCF732F83AE01F49206888420AD194F807
:10713000252194F824112620FCF736F82620FCF7A8
:1071400023F82BE01849206888420AD194F82521B9
:1071500094F824112720FCF727F82720FCF714F8CF
:107160001CE01249206888420AD194F8252194F83D
:1071700024113420FCF718F83420FCF705F80DE052
:107180000B492068884209D194F8252194F82411EC
:107190003520FCF709F83520FBF7F6FF10BD00009D
:1071A000003801400044004000480040004C0040CE
:1071B0000050004010B504462046FDF733F818B1E2
:1071C000F82102A0FAF7ECFF10BD00002E2E5C445F
:1071D00072697665725C5372635C6472765F686133
:1071E0006C5F756172742E630000000000BF01685F
:1071F00009B9C449016000BF00BF416811B94FF42B
:10720000E131416000BF00BF416909B90C22426110
:1072100000BF00BF816809B90022826000BF00BFC3
:10722000C16809B90022C26000BF00BF016909B985
:107230000022026100BF00BF90F8241111B90121A2
:1072400080F8241100BF00BF90F8251111B9032167
:1072500080F8251100BF90F8C81001295ED1A94A15
:107260000168914202D1A849016415E0A74A01686A
:10727000914203D1A4493C3101640DE0A44A016864
:10728000914203D1A0492839016405E0A14A01686F
:10729000914201D1A049016400BF416C09B910229B
:1072A000426400BF00BF816C09B90022826400BF44
:1072B00000BFC16C09B98022C26400BF00BF016D6C
:1072C00009B90022026500BF00BF416D09B9002263
:1072D000426500BF00BF816D09B90022826500BF11
:1072E00000BFC16D09B90022C26500BF00BF90F8A0
:1072F000CC1011B9012280F8CC2000BF00BF90F85B
:10730000CD1011B9012280F8CD2000BF00BFEA21C5
:10731000095A11B96422EA210A5200BF90F8C91033
:10732000012972D1774A0168914204D1764A143218
:1073300084210A5019E0754A0168914204D1724AC9
:10734000283284210A5010E0714A0168914204D128
:107350006D4A143A84210A5007E06E4A016891424E
:1073600003D16D4A283A84210A5000BF8821095868
:1073700011B9002288210A5000BF00BF8C21095892
:1073800011B900228C210A5000BF00BF902109587A
:1073900011B9802290210A5000BF00BF94210958E2
:1073A00011B9002294210A5000BF00BF982109584A
:1073B00011B9002298210A5000BF00BF9C21095832
:1073C00011B920229C210A5000BF00BFA0210958FA
:1073D00011B90022A0210A5000BF00BF90F8CA10C6
:1073E00011B9012280F8CA2000BF00BF90F8CB106D
:1073F00011B9012280F8CB2000BF00BFDE21095A5D
:1074000011B96422DE210A5200BFD0F8F41021B174
:107410004FF48671095801B170473A4A01689142A8
:107420000FD14915C0F8F4103C4A4FF482710A504C
:1074300012154FF486710A50384A4FF48E710A5073
:107440004EE0324A016891420FD10421C0F8F41095
:10745000324A4FF482710A5008224FF486710A5062
:107460002E4A4FF48E710A503AE0294A016891423F
:107470000FD10915C0F8F410294A4FF482710A504F
:10748000D2144FF486710A50254A4FF48E710A5077
:1074900026E0204A016891420FD10915C0F8F41086
:1074A000204A4FF482710A50D2144FF486710A5068
:1074B0001C4A4FF48E710A5012E01B4A0168914237
:1074C0000ED18914C0F8F410164A4FF482710A5094
:1074D00004224FF486710A50144A4FF48E710A50F8
:1074E0000222F8210A5000224FF488710A50FC2130
:1074F0000A500322091D0A5000224FF485710A54D4
:1075000000BF89E7003801404400024000440040C9
:1075100000480040004C0040580402400008014070
:10752000000C0140001001400050004000140140D8
:1075300010B503F04BF904F0F1FA03F061F910BD56
:1075400010B5002100200022214B5B6803F00C01E4
:1075500021B1042906D0082928D107E01D4B1E4C73
:10756000236027E01B4B1C4C236023E0184B5B6817
:1075700003F47010164B5B6803F48032022303EBB4
:10758000904022B9154B4343134C23600DE0104B40
:107590005B6803F4003323B1104B43430E4C23606C
:1075A00003E00C4B43430C4C236003E0094B0A4CB3
:1075B000236000BF00BF064B5B68C3F30313084C96
:1075C000E15C054B1B68CB40034C236010BD000001
:1075D0000010024000127A005011002000093D0006
:1075E0005EC3000870477047704770477047704728
:1075F0007047000010B50268204B98420ED0204B17
:1076000098420BD0B0F1804F08D01E4B984205D065
:107610001D4B984202D01D4B984203D122F07002BC
:107620004B681A43154B98420ED0154B98420BD01D
:10763000B0F1804F08D0134B984205D0124B9842BE
:1076400002D0124B984203D122F44072CB681A4305
:1076500022F080034C6943EA040202608B68C36233
:107660000B688362054B984202D0054B984201D1CA
:107670000B6903630123436110BD0000002C01402E
:10768000003401400004004000080040000C0040AD
:1076900030B501F01F05012404FA05F3046A9C4388
:1076A0000462046A01F01F0502FA05F52C43046226
:1076B00030BD000030B5056A25F001050562026A9B
:1076C0004368846924F0700424F003040D682C439B
:1076D00022F002028D682A43104DA84200D103E037
:1076E0000F4DA84206D100BF22F00802CD682A4300
:1076F00022F00402094DA84202D0094DA84207D148
:1077000023F4807323F400734D692B438D692B435D
:10771000436084614D684563026230BD002C0140C6
:107720000034014030B5056A25F010050562026A93
:107730004368846924F4E04424F440740D6844EA06
:10774000052422F020028D6842EA0512124DA8425B
:1077500000D103E0114DA84207D100BF22F0800202
:10776000CD6842EA051222F040020B4DA84202D039
:107770000A4DA84209D123F4806323F400634D69C4
:1077800043EA85038D6943EA8503436084614D685C
:107790008563026230BD0000002C014000340140CE
:1077A00030B5056A25F480750562026A4368C469CC
:1077B00024F0700424F003040D682C4322F40072BA
:1077C0008D6842EA0522124DA84200D103E0114D16
:1077D000A84207D100BF22F40062CD6842EA052228
:1077E00022F480620A4DA84202D00A4DA84209D173
:1077F00023F4805323F400534D6943EA05138D6944
:1078000043EA05134360C4614D68C563026230BD3D
:10781000002C01400034014030B5056A25F4805544
:107820000562036A4468C26922F4E04222F44072AD
:107830000D6842EA052223F400538D6843EA0533BC
:10784000084DA84202D0084DA84204D124F4804437
:107850004D6944EA85144460C2614D680564036261
:1078600030BD0000002C01400034014010B5002460
:107870003E48FAF773FB3E48FAF770FB3C49C031CB
:10788000D1E906211046F9F77FFB044639484460E8
:107890003749E031D1E906211046F9F775FB044676
:1078A000344884603449D1E906211046F9F76CFB6D
:1078B00004463048C46030492031D1E906211046E1
:1078C000F9F762FB04462B4804612B484030D0E9AD
:1078D00006211046F9F758FB04462648446126481D
:1078E0006030D0E906211046F9F74EFB04462148E6
:1078F00084611E49C031D1E906211046F9F744FBE5
:1079000004461C48C4611949E031D1E906211046FA
:10791000F9F73AFB0446174804621849D1E90621F1
:107920001046F9F731FB04461248446213482030F0
:10793000D0E906211046F9F727FB04460D4884627A
:107940000E484030D0E906211046F9F71DFB0446E9
:107950000848C46209496031D1E906211046F9F7A7
:1079600013FB04460348046310BD0000C805002053
:1079700010080020241500205009002008070020CE
:1079800010B50548FAF7FAFB4FF4FA70FAF78DFBD9
:107990000148FAF7FCFB10BD94000020704700007E
:1079A00010B506490648FCF768FF28B105480349A9
:1079B0000A6802608988818010BD0000E410002000
:1079C00098100020771500201CB504460020009078
:1079D0000190E0788DF8000020798DF80100607941
:1079E0008DF80200A0798DF80300E0798DF804008D
:1079F000207A8DF8050069460148FCF76DFF1CBD33
:107A0000981000202DE9FC41044600216068F9F738
:107A1000D7FA14D00021A068F9F7D2FA0FD0A068E5
:107A2000F9F787FA05460E466068F9F782FA0746C5
:107A30003A460B4640A0CDE9005601F021FB94F9EF
:107A40000C0006286FD2DFE800F0032C3D184D5DD6
:107A5000607B38B16FF0270139480183418381830E
:107A6000C18303E0364800218161C161202234498D
:107A70003448006803F0AAF955E0607B30B1282152
:107A80002F48018341838183C18303E02C48002177
:107A90008161C16120222A492A48006803F096F9D1
:107AA00041E0607B20B16FF027012548818202E030
:107AB000002123488182202221492248006803F0C6
:107AC00085F930E0607B18B128211D48818202E0F1
:107AD00000211B488182202219491A48006803F0BE
:107AE00075F920E0607B18B128211548C18202E0B9
:107AF00000211348C182202211491248006803F076
:107B000065F910E0607B20B16FF027010C48C1825D
:107B100002E000210A48C182202209490948006880
:107B200003F054F900BF00BF002060600021A16095
:107B3000FF202073BDE8FC8125662025660D0A0024
:107B400040160020400000203EB526492648FAF79E
:107B500052FD2649087008460078002840D0244984
:107B60002048F8F7E0FB10B922A001F089FA0024C0
:107B700025482649A0F10802254BCDE900210290B5
:107B8000103224A11748F8F71BFCC4B2002120488A
:107B900004F06EFB1C490839486000211B4804F0C2
:107BA00067FB19490839C8602948097A80F84410E8
:107BB00015490839C968C0F84510134908390978CA
:107BC00080F84910104908394968C0F84A100E4930
:107BD0000839097C80F84E1000200449087000BF65
:107BE0003EBD0000B01500209C040020D4100020F1
:107BF000D5100020492E4D5836756C6C2053746199
:107C000072740D0A000000003416002014160020C3
:107C10001F16002024474E524D432C252A31305B3D
:107C20005E2C5D2C25632C253130732C25632C258F
:107C30003131732C25632C252A2E31662C252A2ED2
:107C400031662C252A36642C2C2C252A347300000E
:107C5000241500202DE9F04FA1B00024002004904D
:107C6000059006900790019002900390411EFE48F7
:107C7000006803F017FB00287DD108A9FB48FAF73C
:107C8000BAFCC4B224B108A9F9A001F0F9F90BE0DB
:107C900008A9F948FAF7AFFCC4B224B108A9F7A0C3
:107CA00001F0EEF900E000BF9DF8200040280FD160
:107CB000601E08A9085C2428F9D19DF821005428E9
:107CC00007D19DF82200532803D108A8FFF77CFEB6
:107CD000A7E29DF82100412839D19DF822005028C3
:107CE00035D1E8A108A8F8F73BFB8346E5A10020C1
:107CF000F8F736FB83465846F8F730FE0546E1A113
:107D00000020F8F72DFB8346584602F073F806462C
:107D1000F9F73AF98046DBA10020F8F721FB83460A
:107D2000584602F067F80646F9F72EF98146D5A1C4
:107D30000020F8F715FB8346584602F05BF806462C
:107D4000F9F722F98246012D00D000BF69E29DF8C3
:107D5000210053282ED19DF822004D282AD104223B
:107D6000C9A10DF12300F8F7ECFA70B9C8A001F031
:107D700087F9012000E055E28DF81000102204A9D7
:107D8000C548006803F022F84BE20422C3A10DF1BC
:107D90002300F8F7D6FA00289AD1C2A001F070F9B2
:107DA00001208DF804000C2201A9C048006803F0EE
:107DB0000DF836E29DF82100482861D19DF8220097
:107DC00043285DD1AFA108A8F8F7CAFA05469DF887
:107DD000230056281ED1ABA10020F8F7C1FA0546B2
:107DE000284602F007F80646F9F7CEF80590A5A157
:107DF0000020F8F7B5FA0546284601F0FBFF0646D5
:107E0000F9F7C2F80690102204A9A348006802F00E
:107E1000DDFF34E09DF82300422830D199A10020F5
:107E2000F8F79EFA05460021284604F013FA0646A4
:107E3000F9F760F840B28DF81C009DF91C109CA069
:107E400001F01EF98FA10020F8F78AFA05469AA1E1
:107E5000284603F043FB30B999A001F011F9012045
:107E60008DF81D0005E098A001F00AF900208DF8BA
:107E70001D00102204A98848006802F0A7FFD0E185
:107E80009DF8210046281CD19DF82200592818D1C0
:107E90007CA108A8F8F764FA80467AA10020F8F7D8
:107EA0005FFA8046404601F0A5FF0646F9F76CF8F8
:107EB000054602950C2201A97C48006802F086FF65
:107EC000AFE19DF8210046281CD19DF822004428EE
:107ED00018D16CA108A8F8F743FA804669A10020E0
:107EE000F8F73EFA8046404601F084FF0646F9F76F
:107EF0004BF8054603950C2201A96C48006802F076
:107F000065FF8EE19DF82100532823D19DF82200C2
:107F100054281FD19DF823004F281BD19DF8240021
:107F2000502817D16BA001F0ABF840F2DC510020D3
:107F300000F06EFC40F2DC51022000F069FC40F2DF
:107F4000DC51042000F064FC40F2DC51062000F01B
:107F50005FFC66E19DF82100412850D19DF8220088
:107F600042284CD15A21012000F0A8FB4FF4FA70AE
:107F7000FAF79BF85A21032000F0A0FB4FF4FA70A7
:107F8000FAF793F85A21052000F098FB4FF4FA70A5
:107F9000FAF78BF85A21072000F090FB4FF4FA70A3
:107FA000FAF783F840F24651002000F031FC40F22D
:107FB0004651022000F02CFC40F24651042000F013
:107FC00027FC40F27261062000F022FC42F21070A1
:107FD000FAF76BF840F2DC51002000F019FC40F297
:107FE000DC51022000F014FC40F2DC51042000F0CF
:107FF0000FFC40F2DC51062000F00AFC11E19DF874
:10800000210031286AD19DF82200322866D1002152
:10801000012000F053FB4FF4FA70FAF746F8002104
:10802000032000F04BFB4FF4FA70FAF73EF8002102
:10803000052000F043FB4FF4FA70FAF736F8002100
:10804000072000F03BFB4FF4FA70FAF72EF840F2ED
:10805000AA51002000F0DCFB4FF4FA70FAF725F883
:1080600040F2AA5102203AE034000020AC00002087
:1080700075312025730D0A00740300207533202507
:10808000730D0A00200000004155544F000000000D
:108090004155544F0D0A00003C0000204D414E5503
:1080A000000000004D414E550D0A00003800002030
:1080B0004E4F2E256400000050726573730000005F
:1080C00050726573730D0A0052656C656173650DBE
:1080D0000A00000053544F50210D0A002CE000F01C
:1080E00097FB4FF4FA70F9F7E0FF40F2AA51042031
:1080F00000F08EFB4FF4FA70F9F7D7FF40F20E61F3
:10810000062000F085FB42F21070F9F7CEFF40F236
:10811000DC51002000F07CFB40F2DC51022000F03A
:1081200077FB40F2DC51042000F072FB40F2DC519E
:10813000062000F06DFB74E09DF82100432848D133
:108140009DF82200442844D1AFF2C80108A8F8F7EE
:1081500007F90646AFF2D4010020F8F701F9064608
:108160003046F8F7FBFB0546294630A000F088FFB3
:108170003046F8F7F3FBC5B22946012000F09EFA1D
:108180004FF4FA70F9F791FF3046F8F7E7FBC5B204
:108190002946032000F092FA4FF4FA70F9F785FFB0
:1081A0003046F8F7DBFBC5B22946052000F086FA19
:1081B0004FF4FA70F9F779FF3046F8F7CFFBC5B204
:1081C0002946072000F07AFA4FF4FA70F9F76DFFAC
:1081D00027E09DF82100452823D19DF8220046285C
:1081E0001FD10021012000F069FA4FF4FA70F9F76D
:1081F0005CFF0021032000F061FA4FF4FA70F9F7F8
:1082000054FF0021052000F059FA4FF4FA70F9F7F5
:108210004CFF0021072000F051FA4FF4FA70F9F7F3
:1082200044FF002421B0BDE8F08F000025640D0A52
:108230000000000010B54FF0FF312748006803F040
:1082400031F8002846D12548FCF7BAFCE8B32348AA
:10825000FCF7B8FB22492148D0F86801C1F8590061
:108260001E48D0F86C01C1F85D001C48D0F87001C0
:10827000C1F861001948D0F87C01C1F865001748C1
:10828000D0F88001C1F869001448D0F88401C1F821
:108290006D001248D0F84001C1F871000F48D0F8C5
:1082A0004401C1F875000D48D0F84801C1F87900C3
:1082B0000A48D0F85401C1F87D0008460749D1F8B2
:1082C0005811C0F88110054900E003E0D1F85C11B5
:1082D000C0F8851010BD000030000020D40100203F
:1082E0002415002070B50B48FCF754FD09490869B6
:1082F000F8F71FFE04460022074BF8F72DFE02D1C7
:10830000002004490861054802490969C0F84F1076
:1083100070BD000030100020F2B102412415002091
:108320002DE9F84F0446B4F91820B4F91410501888
:10833000F8F771FD8246B4F91610B4F910200A441A
:10834000B4F912105018F8F766FD834651465846A6
:1083500001F022FC0546CF49F8F765FB81465946F6
:10836000504601F0A3FD0090484601F058FD054637
:10837000F8F793FD00B2208100214846F8F720FE6F
:1083800001D2C54801E04FF07E50064631460098C4
:10839000F8F749FB0546F8F780FD00B22080B4F9F4
:1083A0001A20B4F91410501AF8F735FD8246B4F9C2
:1083B0001610B4F910200A44B4F91210501AF8F744
:1083C0002AFD83465146584601F0E6FB0546B14971
:1083D000F8F729FB81465946504601F067FD0090A9
:1083E000484601F01CFD0546F8F757FD01B26181D2
:1083F00000214846F8F7E4FD01D2A74801E04FF01C
:108400007E50064631460098F8F70DFB0546F8F712
:1084100044FD00B26080B4F91C20B4F91410501867
:10842000F8F7F9FC8246B4F91610B4F910208A1A4C
:10843000B4F91210501AF8F7EEFC8346514658462C
:1084400001F0AAFB05469349F8F7EDFA8146594633
:10845000504601F02BFD0090484601F0E0FC054637
:10846000F8F71BFD01B2A18100214846F8F7A8FDED
:1084700001D2894801E04FF07E500646314600980F
:10848000F8F7D1FA0546F8F708FD00B2A080B4F974
:108490001E20B4F91410501AF8F7BDFC8246B4F946
:1084A0001610B4F910208A1AB4F912105018F8F7FF
:1084B000B2FC83465146584601F06EFB05467549AD
:1084C000F8F7B1FA81465946504601F0EFFC0090AA
:1084D000484601F0A4FC0546F8F7DFFC01B2E18153
:1084E00000214846F8F76CFD01D26B4801E04FF0DF
:1084F0007E50064631460098F8F795FA0546F8F79B
:10850000CCFC00B2E080B4F9000000280DDAB4F928
:108510000000F8F7A4FC0746604A614BF8F79AFBA5
:108520000546F8F7E7FC00B22080B4F90200002805
:108530000DDAB4F90200F8F792FC0746574A584B97
:10854000F8F788FB0546F8F7D5FC00B26080B4F96F
:10855000040000280DDAB4F90400F8F780FC07469F
:108560004E4A4F4BF8F776FB0546F8F7C3FC00B2CE
:10857000A080B4F9060000280DDAB4F90600F8F777
:108580006EFC0746454A464BF8F764FB0546F8F78C
:10859000B1FC00B2E080B4F90000642801DD642081
:1085A0002080B4F9000010F1640F02DA6FF063006C
:1085B0002080B4F90200642801DD64206080B4F9F1
:1085C000020010F1640F02DA6FF063006080B4F90A
:1085D0000400642801DD6420A080B4F9040010F1D7
:1085E000640F02DA6FF06300A080B4F9060064281B
:1085F00001DD6420E080B4F9060010F1640F02DAB6
:108600006FF06300E080B4F90800B42801DDB42005
:108610002081B4F90A00B42801DDB4216181B4F9E4
:108620000C00B42801DDB421A181B4F90E00B428F6
:1086300001DDB421E181208800F2DC5081B200200C
:1086400000F0E6F8608800F2DC5081B2022000F011
:10865000DFF8A08800F2DC5081B2042000F0D8F8E6
:10866000E08800F2DC5081B2062000F0D1F8217AD7
:10867000012000F023F8A17A032000F01FF8217BED
:10868000052000F01BF8A17B072000F017F8BDE8DB
:10869000F88F0000E02E6542000080BF9A999999FA
:1086A0009999F13F10B50B210348F9F7C1FE40F647
:1086B000B830F9F7FAFC10BD580A00202DE9F04750
:1086C00004460D460027B42D00DDB4252846F8F7F2
:1086D000ABFB82464049F8F7D8F981463F49F8F7A5
:1086E000A2F980463E49F8F746F9064604EB041025
:1086F0003C4901EBC00090F86C0030B104280ED06A
:10870000082816D00C2828D11DE004EB0411354AA6
:1087100052F83110486BF8F787FB074622E004EB6C
:108720000411304A52F83110886BF8F77DFB074688
:1087300018E004EB04112B4A52F83110C86BF8F71B
:1087400073FB07460EE004EB0411264A52F8311081
:10875000086CF8F769FB074604E0872122A0F9F7C7
:108760001FFD00BF00BF14E028493846F8F703F9A1
:1087700007463846F8F7AAFB1FFA80F804EB041105
:10878000184A02EBC1004146F9F720FE0120F9F733
:108790008CFC31463846F8F713FCE5D314E01B494E
:1087A0003846F8F73AF907463846F8F78FFB1FFACC
:1087B00080F804EB04110B4A02EBC1004146F9F7C3
:1087C00005FE0120F9F771FC31463846F8F702FC46
:1087D000E5D3BDE8F0870000000034430000FA4410
:1087E0000000FA43580A00202E2E5C4170706C790C
:1087F0005C5461736B5C5372635C7461736B5F6D2B
:108800006F746F727379732E630000000000A040D4
:1088100070B504460D4604EB0411034A02EBC10097
:108820002946F9F7D3FD70BD580A002040200849B9
:10883000087044204870552088705020C87024204B
:1088400081F8890003E04FF49670F9F72EFCFAE7FF
:108850002415002010B5FEF7ADF904A000F010FCBF
:108860004FF47A70F9F721FC10BD000072756E0D9F
:108870000A00000010B503211E48F9F745FC01214C
:108880001D48F9F741FC1D48F9F72AFE1C48FCF782
:108890007DF81C48F9F724FE1B48F9F721FE1B4818
:1088A000FBF7D0FF1A48FBF741FE1A49087008464B
:1088B000007830B10846017817A000F0E1FB00BF56
:1088C000FEE71E48FBF732FE1249087008460078A2
:1088D00030B10846017810A000F0D2FB00BFFEE7DF
:1088E0001748FCF73FFC10B916A000F0C9FBFFF7D2
:1088F000D9FE10BD4C00002094000020AC000020E8
:10890000D4010020740300209C0400209810002053
:10891000C8050020CC1000202323414420696E6943
:1089200074206661696C2C206572726F7220636FAF
:1089300064653A25642121210D0A000010080020F9
:10894000301000204D5335383337206572726F7206
:108950000D0A000003E0FFF77DFF03F08BF8FAE754
:1089600010B501F033FF0448F9F73FFE0248F9F76C
:1089700013FE01F045FF10BD9C040020704770B548
:1089800005466C6A0020E085E0842046FBF79FFBEB
:1089900070BD70B506460025746A20684069C0F352
:1089A000C01594F83900212805D125B10020E084B4
:1089B000204600F060F820684069C0F3801594F804
:1089C0003A00222805D125B10020E085204600F09C
:1089D00032F8E06B40F01000E0632046FBF777FBD5
:1089E00070BD70B505466C6A2868006800F020000C
:1089F000B0B90020E0852068C06820F4807021684C
:108A0000C8602068406920F0010021684861206842
:108A1000406920F0400021684861202084F83A0035
:108A20002046FBF79BFC70BD70B50446656A28467E
:108A3000FBF795FC70BD0168C96821F4907102686C
:108A4000D1600168496921F001010268516120216A
:108A500080F83A10704710B504462068C06820F0CE
:108A600040002168C860202084F839002046FBF7C8
:108A7000E0FC002010BD0168C96821F0C001026857
:108A8000D160202180F83910704770B5044694F801
:108A90003A00222847D1A068B0F5805F0CD1206948
:108AA00050B90025A66A20684068C0F308003080ED
:108AB000A06A801CA06215E0A56A0026A068B0F537
:108AC000805F03D0A06828B9206918B92068406881
:108AD000287004E02068406800F07F002870A06AD9
:108AE000401CA062E08D401E80B2E085C8B92068BD
:108AF000C06820F020002168C8602068C06820F4A9
:108B000080702168C8602068406920F001002168F9
:108B10004861202084F83A002046FBF71FFC002023
:108B200070BD0020FCE70220FAE7000070B50446A3
:108B30002168096921F44051E268114322681161FA
:108B40002269A1681143626941EA02052168C96886
:108B500041F20C62914329432268D160216849693E
:108B600021F44071A2691143226851612D4A2168A4
:108B7000914202D1FAF746FC01E0FAF733FC00EB30
:108B8000C00101EB001162689200B1FBF2F100EB51
:108B9000C00202EB001263689B00B2FBF3F2642395
:108BA000B2FBF3F202EBC20303EB0212A1EB820170
:108BB000322202EB01116422B1FBF2F101F0F0016B
:108BC00000EBC00202EB001263689B00B2FBF3F201
:108BD0006423B2FBF3F201EB021200EBC00101EBE4
:108BE000001163689B00B1FBF3F100EBC00303EBE2
:108BF00000136668B600B3FBF6F36426B3FBF6F326
:108C000003EBC30606EB0313A1EB8301322303EB53
:108C100001116423B1FBF3F101F00F01114422684B
:108C2000916070BD00380140014691F8390021285B
:108C300028D18868B0F5805F0BD1086948B90A6A05
:108C40001088C0F308000B685860086A801C08622E
:108C500005E00B6A581C086218780B685860C88CCD
:108C6000401E80B2C88458B90868C06820F08000EF
:108C70000B68D8600868C06840F040000B68D86096
:108C8000002070470220FCE72DE9F04104460D4624
:108C900017469846069E21E0701CF8B12EB1FAF7EF
:108CA000DFF9A0EB0800B04218D92068C06820F4B2
:108CB000D0702168C8602068406920F001002168F8
:108CC0004861202084F8390084F83A0000BF002071
:108CD00084F8380000BF0320BDE8F08120680068F8
:108CE0002840A84201D1012000E00020B842D3D0A2
:108CF0000020F1E710B501F069FD0648F9F775FCB1
:108D00000548006802F09AFA0248F9F745FC01F0BC
:108D100077FD10BDAC0000203400002010B501F03C
:108D200055FD0548F9F738FC0448006802F086FA5A
:108D300001F066FD10BD0000D401002030000020CD
:108D400010B501F043FD0648F9F74FFC05480068EF
:108D500002F074FA0248F9F71FFC01F051FD10BD52
:108D6000740300203400002000BFFEE71CB5002281
:108D700011466BA002F03AFA6C49086000221146D5
:108D80006BA002F033FA6E490860002314220C2114
:108D90006CA001F027FF6E49086000231422102107
:108DA0006CA001F01FFF6F490860002314222021EE
:108DB0006DA001F017FF6F49086014200F214FF4D8
:108DC00080630022CDE900106B496CA002F0AAFC80
:108DD0006D490860142002210B020022CDE9001029
:108DE0006A496BA002F09EFC6E49086014200721BE
:108DF0004FF400730022CDE900106B496BA002F024
:108E000091FC6D490860142008218B010022CDE9F6
:108E100000106A496AA002F085FC6D4908601420C0
:108E200008218B010022CDE900106A496AA002F0F6
:108E300079FC6D490860142001214B020022CDE924
:108E400000106A496AA002F06DFC6D4908601420A8
:108E500004210B020022CDE900106A496AA002F049
:108E600061FC6D490860142009214FF40073002251
:108E7000CDE9001069496AA002F054FC6C49086011
:108E8000142005214FF400730022CDE90010694938
:108E900069A002F047FC6D490860142005214FF4D9
:108EA00000730022CDE9001069496AA002F03AFC83
:108EB0006C490860142006214FF400730022CDE9AC
:108EC0000010694969A002F02DFC6C490860354822
:108ED000006802F059FD3848006802F055FD3C4832
:108EE000006802F051FD4048006802F04DFD444822
:108EF000006802F049FD4848006802F045FD4C4812
:108F0000006802F041FD5148006802F03DFD5548FF
:108F1000006802F039FD5948006802F035FD1CBDBB
:108F20004A5939303153656D00000000300000208F
:108F3000436D6446726F6D4950435F53656D000029
:108F4000340000204175746F4D6F64656D710000D1
:108F50003800002048616E646C654D6F64656D710A
:108F6000000000003C0000204D6F746F7253797355
:108F70006D71000040000020558900084461746153
:108F800046726F6D4950430004000020C151000833
:108F90005265706F72744461746154687265616483
:108FA0000000000008000020DD4400084A59393064
:108FB00031546872656164000C000020ED440008C3
:108FC0004D533538333754687265616400000000D2
:108FD00010000020471F00084144343131315468EB
:108FE000726561640000000014000020CF44000896
:108FF000495043636D645468726561640000000009
:1090000018000020C1440008494D5836554C4C54B6
:1090100068726561640000001C000020992000084F
:109020004453313333375468726561640000000083
:10903000200000203544000848616E646C654D6F67
:1090400064655468726561640000000028000020B7
:10905000AD1F00084175746F4D6F6465546872658B
:109060006164000024000020014500084D6F746F0A
:109070007253797354687265616400002C0000209B
:109080000FB4054B10B503A9044A029800F056F935
:1090900010BC5DF814FB0000299E00083C11002064
:1090A0007CB5491E1C461546CDE90001044B6A46B5
:1090B0002146284600F042F9009A002111707CBD3B
:1090C000679B00084100080218BF04200A0E18BF61
:1090D00040F001004FF07F4232EA010108BF40F04A
:1090E0000200012808BF0520704700000248006800
:1090F000C0F30220704700000CED00E010B500281E
:1091000004DB0A07130E054A135406E00A07140E7F
:10911000034A00F00F031B1FD45410BD00E400E00D
:1091200018ED00E00048704720150020F7F723BC39
:1091300061214FF0E040F8F7BEB86FF05E0108071C
:10914000F8F7B9B801480068704700002015002002
:10915000014609B900207047C8B220B1C8B20E4A12
:10916000105C401CF7E701F47F4028B10A48C1F3C6
:109170000722805C0930EEE701F47F0028B1064841
:10918000C1F30742805C1130E5E7034800EB116052
:1091900000781930DFE7000076C3000802E008C855
:1091A000121F08C1002AFAD170477047002001E061
:1091B00001C1121F002AFBD170470000014908605D
:1091C00070470000201500202DE9FF5FDDE9022037
:1091D000010DDDF838B0024318D044F61050A1F26A
:1091E000FF3141430D140F98012820D0A5EB0B004F
:1091F000401C5FEA000A4FF00004474EDFF81C9164
:10920000A046504616D5CAF1000728E00F98012461
:1092100043A2012808D0002100980F9BC0E900213B
:10922000C0E90243BDE8FF9F6FEA0B01F4E7CBF111
:109230000000DEE7074612E0F80707D02246334673
:1092400040464946F7F706FD8046894622463346A2
:1092500010461946F7F7FEFC04460E467F10002F15
:10926000EAD1DDE90201BAF1000F42464B4602DACB
:10927000F7F7F0FC01E0F7F75FFD04460E46002229
:10928000284BF8F7A5F803D84FF0FF30014607E068
:109290000022254B20463146F7F735FCF8F780F8D9
:1092A000102409E0002C0ADB0A220023F7F7B2FEA3
:1092B000019B30321A55641E50EA0102F2D1641C3F
:1092C000019AC4F1110314440F9A012A03D0012218
:1092D00008430DD10AE0084304D000204FF0110BE1
:1092E0000F9080E7A3EB0B056D1E0DE05B4504DDE1
:1092F0004FF0000205F1010504E003DA4FF000022F
:10930000A5F10105002AECD000980F99C0E90231BF
:10931000C0E9004586E70000000024400000F03F5F
:10932000300000000000F0430000E03F30380A2821
:1093300001D2012070470020704700002DE9FF4F47
:1093400095B09B468946064600250FE2252877D131
:1093500000242746F84A0121059400E0044316F84A
:10936000013F203B01FA03F01042F7D130782A2860
:1093700011D06FF02F033078A0F13002092A16D8EF
:10938000059A44F0020402EB820203EB420210440D
:10939000761C0590EFE759F8042B0592002A03DAB2
:1093A000504244F40054059044F00204761C307896
:1093B0002E2816D116F8010F44F004042A280DD0E7
:1093C0006FF02F023078A0F13003092B09D807EB9A
:1093D000870302EB4303C718761CF3E759F8047BB5
:1093E000761C30786C280FD006DC4C2817D0682803
:1093F0000DD06A2814D104E0742810D07A280FD137
:109400000DE044F400140AE044F4801401E044F454
:1094100040147278824202D104F58014761C761CC6
:10942000307866280BD013DC582877D009DC002868
:1094300075D04528F6D04628F4D047281AD19DE1AA
:1094400018E0632835D0642879D0652812D195E1D9
:10945000702873D008DC6728F1D069286FD06E2897
:109460000DD06F2806D1B5E073282CD0752875D0A3
:10947000782874D05A46179990476D1C75E1C4F34B
:109480000250022809D003280DD0D9F80010042872
:109490000DD00D6009F1040967E1D9F80010EA1751
:1094A000C1E90052F6E7D9F800100D80F2E70D701F
:1094B000F0E719F8041B8DF8001000208DF801006A
:1094C000EA46012003E059F804AB4FF0FF30610792
:1094D0004FF0000102D40DE008F101018846B942C5
:1094E0000FDA8045F8DB1AF808100029F4D108E0FB
:1094F00008F1010188468142FADB1AF808100029B8
:10950000F6D105985B46A0EB080721463846179A26
:1095100000F094FA284400EB080507E04DE029E14B
:109520000DE01AF8010B5A4617999047B8F1010857
:10953000F7D25B4621463846179A13E142E00A22E9
:109540000092C4F302524FF0000A022A08D059F8E0
:1095500004CB032A4FEAEC710AD00DE029E02AE09F
:1095600009F1070121F00702F2E802C1914609E082
:109570000FFA8CFC4FEAEC71042A03D14FFA8CFCF1
:109580004FEAEC71002907DA0A460021DCF1000CF1
:1095900061EB02012D2202E0220504D52B228DF879
:1095A0000420012203E0E20701D02022F7E79046E1
:1095B00059E00A2102E010220DE010214FF0000ACC
:1095C00000910BE010224FF0000A44F00404082739
:1095D000009203E008224FF0000A0092C4F3025206
:1095E000022A05D059F804CB0021032A08D009E04B
:1095F00009F1070121F00702F2E802C1914605E0F6
:109600001FFA8CFC042A01D10CF0FF0C4FF000086B
:10961000220728D5702806D0009B83F0100353EA58
:109620000A0305D00EE040228DF80420012208E054
:109630005CEA010206D030228DF804208DF8050086
:1096400002229046009B83F0080353EA0A030AD1E2
:109650005CEA010201D1620705D530228DF80420B1
:109660004FF001087F1E582804D034A003900EA8A4
:1096700002900DE036A0F9E753466046009AF7F7EE
:10968000C9FC84460398825C0298401E02900270D6
:109690005CEA0100F0D1029806A9081A00F1200A3C
:1096A000600702D524F4803400E00127574502DD2D
:1096B000A7EB0A0000E0002000EB0A0100900598EB
:1096C0004144401A0590E00306D45B462146179AB0
:1096D000059800F0B3F90544002706E001A85A46B2
:1096E000C05D179990476D1C7F1C4745F6DBE00372
:1096F0000CD55B462146179A059800F09FF9054462
:1097000004E030205A46179990476D1C0099481E76
:1097100000900029F5DC08E0029802995A4600788A
:10972000491C0291179990476D1CBAF10001AAF1EA
:10973000010AF1DC65E10000092801003031323313
:10974000343536373839616263646566000000007D
:109750003031323334353637383941424344454667
:109760000000000000F058F90544761C307800280D
:109770007FF4ECAD19B02846BDE8F08F620700D445
:10978000062709F1070222F0070CFCE80223E14654
:1097900003F000485FEA080C02D00FF2702C0DE0D5
:1097A0005FEA045C02D50FF2682C07E05FEAC47C34
:1097B00002D00FF2602C01E0AFF2700C4FF0FF38D6
:1097C00023F00043CDF850C065280CD006DC4528B6
:1097D00009D046281DD047283DD13DE0662818D045
:1097E00067287ED138E00021112F01DB112000E035
:1097F000781CCDE9000106A90EA8FFF7E5FCDDE91C
:109800000F010E9A03910021009207F1010A0491C1
:109810004DE04FF000400097CDE9011006A90EA8D9
:10982000FFF7D2FCDDE90F0203920E9B1199002293
:10983000DDF80CA00093049211B9791C00EB010A29
:10984000B7EB0A0004D4C0F1FF3007F1010A04901D
:10985000AAEB0700019044E0012F00DA0127002164
:10986000112F01DD112000E03846CDE9000106A9E5
:109870000EA8FFF7A9FCDDE90F010E9A0391002164
:1098800004910092BA4621070CD40399514500DA9D
:109890008A46BAF1010F05DD009AAAF10101515C77
:1098A000302908D0B84202DA10F1040F06DA01219B
:1098B000CDE9011015E0AAF10101E9E7002805DC76
:1098C000049901440491AAEB000102E0411C5145B6
:1098D00000DD8A460499401A401C01904FF0004078
:1098E0000290200704D40198504501DBCDF8048094
:1098F00000208DF84F0002980DF14F07B0F1004F96
:1099000025D02B200E9002984FF0020800280CDA88
:10991000404202902D200E9007E00A210298F7F7AE
:1099200063FB3031029007F8011DB8F10001A8F186
:109930000108F2DC02980028EFD1791E0E98087019
:10994000307800F0200040F0450007F8020D12A822
:10995000C01B00F107081498007800B1012000EB4B
:109960000A01019801EBE07105984144401A401E3C
:109970000590E00306D45B462146179A059800F04F
:109980005DF805441498007818B15A461799904725
:109990006D1CE00324D55B462146179A059800F01C
:1099A0004DF805441CE00498002807DBDDE90301BD
:1099B000884203DD0098405C179901E01799302038
:1099C0005A469047049805F10105401C04900198FF
:1099D000401E019004D12E205A46179990476D1CC5
:1099E000BAF10001AAF1010ADDDC05E017F8010B6C
:1099F0005A46179990476D1CB8F10001A8F101086B
:109A0000F4DC5B462146179A0598ABE62D00000072
:109A10002B000000200000002DE9F0410446002545
:109A20001E461746880404D405E039462020B04776
:109A30006D1C641EF9D52846BDE8F0812DE9F04182
:109A4000044600251E469046C80301D5302700E095
:109A50002027880404D505E041463846B0476D1CF0
:109A6000641EF9D52846BDE8F08100002DE9FC5FB1
:109A700004468B4615461E46DDE90C9ADDE90E7854
:109A800004F114004060006000BF1C346560A660F3
:109A9000C4F80C90C4F810A02321D4E9030201F00B
:109AA0007DF8D4E9033C63441A1F144BD4E9010147
:109AB00000F066FE2060A77667760020E061C4F8BB
:109AC0002880C4F82C8060612076E06520661C3C0C
:109AD000009023460A4A2146019004F14C0002F00E
:109AE000E2F800BF0748006818B120460549096838
:109AF000884700BF0020BDE8FC9F000081B7000838
:109B000011BA00084C1200202DE9F04704460E4619
:109B100017469846DDF8209084F80990607A20F086
:109B200001006072E66127620020A062C4F8248010
:109B3000002506E004F1140101EBC50000F0E2FE8F
:109B40006D1C012DF6DBBDE8F08770B505460024DD
:109B500006E005F1140101EBC40000F014FF641CE1
:109B6000012CF6DB70BD4A68002A06D00A68531C37
:109B70000B6010704868401E4860704770B504461E
:109B8000F6F7F2FA0546A06F10B12046A16F88479C
:109B90002846F6F7EDFA70BD2DE9F0474FF0684220
:109BA00002EB40030C460546B3F1654F3CBF02EBA8
:109BB0004102B2F1654F7CD2C0F3C753C1F3C75223
:109BC0009A1A1B2A06DD10F0004F14BF764877481A
:109BD000BDE8F08712F11A0F17DA11F0004F06D026
:109BE00010F0004F0CBF72487248BDE8F087214664
:109BF0002846F6F74AFF0446FFF764FA042808BF30
:109C0000FFF79BFA2046BDE8F0874200B2EB410F18
:109C100025D910F0004F19BF674F684E684F694E45
:109C2000224685F0004415460A4680F00041104661
:109C30000A1A5200B2F1807F40D248406249DFF8F0
:109C40008CA110F0004F18D04FF03F483846F6F77F
:109C5000E4FE074651463046F6F7DFFE17E011F006
:109C6000004F04BF00263746E2D010F0004F19BF66
:109C7000574F584E584F594EDAE74FF07C583846F8
:109C8000F6F779FE074651463046F6F774FE06466B
:109C900041462846F6F7C7FE2146F6F76CFE824697
:109CA00021464046F6F7BFFE2946F6F7B9FE514673
:109CB00000E037E0F6F7E9FE044604E021462846D6
:109CC000F6F7E3FE04460146F6F7ADFE804644494A
:109CD000F6F7A9FE4349F6F74EFE4146F6F7A3FE16
:109CE0004149F6F748FE4146F6F79DFE3F49F6F733
:109CF00042FE4146F6F797FE3D49F6F73CFE054623
:109D000041462046F6F78FFE2946F6F78CFE31468F
:109D1000F6F731FE2146F6F72EFE3946BDE8F0474C
:109D2000F6F729BE4FF07F42B2EB400F28BFB2EBEF
:109D3000410F03D2BDE8F047FFF7F8B940EA01034D
:109D40005B0008BF44F0FF410AD0B2EB400F08BFF0
:109D5000B2EB410F06D125F0804024F0804105464A
:109D60000C4629E7B2EB400F12BF5FEA410245F013
:109D7000FF4004F000413FF41FAF4A0092EA400365
:109D80003FF51AAF002AACBF4FF09F464FF03E564A
:109D90003146F6F748FE054631462046F6F743FEC3
:109DA00004462846214607E7DB0FC9BFDB0FC93F42
:109DB000DB0F4940DB0F49C00000C9BF22AAFDB933
:109DC0000000C93F22AAFD390060ED3EC30ACE372C
:109DD000000049C022AA7DBA0000494022AA7D3A6B
:109DE0002DAD65BD8FB8D53D0FB511BE61C84C3ED8
:109DF000A8AAAABE30B583B00446FFF7A3F905466A
:109E00000020CDE90000024621466846F7F7B1F987
:109E10002846FFF7D3F9DDE9000103B030BD014664
:109E200021F000407047000010B50A46002107E00D
:109E30000B464C1CA1B24EF66024A34200DD05E0A7
:109E4000054B1B6803F04003002BF1D000BFC3B2E9
:109E5000014C241D236010BD0038014010B50028BE
:109E600021D0114B0022001F196803E0814203D862
:109E70000A4649680029F9D152B11368841A9C42F4
:109E800004D1006818441060104602E0506000E001
:109E9000186039B102680B1A934203D10B681A4457
:109EA00002604968416010BD181500202DE9F04D91
:109EB00020F0004421F00045A54202DD20462C465A
:109EC0000546601B27462E46B0F1686F05DD294622
:109ED0002046BDE8F04DF6F74EBD4FF00008B4F156
:109EE000BC4F22DDB4F1FF4F17DB29462046FFF7B8
:109EF0001DF96FF0FF415F4A6318934226BF294462
:109F00009142BDE8F08D6102490A08BF3846B5F1BB
:109F1000FF4F08BF3046BDE8F08DA7F12054A6F1F1
:109F200020554FF0500827462E46B5F1185F19DA34
:109F3000B5F5000F10DA002E7CD04FF0F744214623
:109F40002846F6F770FD064621463846F6F76BFDC3
:109F50000746A8F1780805E006F1205607F12057DA
:109F6000A8F1500831463846F6F757FD0546314608
:109F7000F7F730F823D207F500646FF30B0421469E
:109F80003846F6F74AFD054621463846F6F7F3FC13
:109F90002946F6F748FD054686F000403146F6F7BB
:109FA00042FD2946F6F739FD054621460846F6F7F3
:109FB0003AFD2946F6F731FD02F036F937E0012186
:109FC0003846F7F778F906F5006407466FF30B0497
:109FD00021463046F6F721FD824607F500606FF313
:109FE0000B000121F7F767F9834601463846F6F77B
:109FF00014FD3146F6F717FD064651465846F6F76A
:10A0000012FD3146F6F7B7FC064685F000402946BA
:10A01000F6F709FD3146F6F700FD0546214658469C
:10A02000F6F701FD2946F6F7F8FC02F0FDF8B8F165
:10A03000000F00E01CE008BFBDE8F08D4FF07E513E
:10A0400008EBD052FF2A06DB0220FFF7B7F8BDE885
:10A05000F04DFFF76DB801EBC85201461046F6F718
:10A06000E2FC0446FFF72EF8042808BFFFF765F866
:10A07000204650E7FFFF3F0010B5FEF7FBFB03A0B3
:10A0800000F022FCFEF772FE002010BD5254542056
:10A090005374617274210D0A0000000010B504466B
:10A0A00000F068F9FFF7E8FF10BD0000F0B50B30D5
:10A0B000154D20F007010024144A0FE003688B427D
:10A0C0000BD38B4205D95E1A43184768C3E9006772
:10A0D00000E04368136002C004E0021D106800281D
:10A0E000ECD12046002802D1286808B10020F0BD3C
:10A0F000064A07481060074A121A22F00702C0E910
:10A10000002401202860D7E71C1500201815002026
:10A11000545900205069002030B51A4C4368246817
:10A120001919884215D04B889BB9174B1B68994267
:10A130000FD0164B1B688B4201D1144B18604B6833
:10A140004360104B1B68C31A0E4D4C682D682C449D
:10A15000A3600C4C836824681A19824211D053887A
:10A160007BB90A4B1B68834201D1084B1A604368D4
:10A170005360044B1B68D31A024D44682D682C446D
:10A18000A36030BD6C1100207011002074110020FC
:10A190002DE9F04F86B00D469C46DDE9106401962E
:10A1A0000F9B04F04008B8F1000F02D0DFF8708177
:10A1B00001E0DFF87081CDF8008004F01008B8F1FC
:10A1C000000F01D024F0010404F00108B8F1000FE1
:10A1D00002D04FF0300801E04FF02008C2460027BF
:10A1E00004F00208B8F1000F11D0002A02DA2D277E
:10A1F00052420CE004F00408B8F1000F01D02B2704
:10A2000005E004F00808B8F1000F00D02027002175
:10A2100042B94FF0300B8846491C0DF1080909F886
:10A2200008B01DE01AE0E146B9F10A0F08D14FF07D
:10A230000A0BB2FBFBFE0BFB1E28B2FBFBF202E09B
:10A2400002F00F08120900BFDDF8009019F808B0FD
:10A250008846491C0DF1080909F808B0002AE2D126
:10A26000B14200DD0E469B1B04F01108B8F1000F4F
:10A2700010D117B1002B00DD5B1E06E0A84203D20F
:10A280004FF0200880F80080401CB3F10008A3F1D3
:10A290000103F3DC27B1A84200D207705B1E401C0B
:10A2A00004F01008B8F1000F0AD104E0A84201D26E
:10A2B00080F800A0401CB3F10008A3F10103F5DC15
:10A2C00006E0A84203D24FF0300880F80080401C1E
:10A2D000B046761E8845F4DC08E0A84205D20DF1B0
:10A2E000080818F8018080F80080401CB1F10008CF
:10A2F000A1F1010104DDDDF80480B8F1000FECD11B
:10A3000006E0A84203D24FF0200880F80080401CED
:10A31000B3F10008A3F10103F3DC06B0BDE8F08F50
:10A3200087C4000876C400081CB514200A214FF425
:10A3300000730022CDE90010044905A001F0F2F9F4
:10A340000446204601F020FB1CBD00009DA0000833
:10A350006D61696E0000000010B5044C02E02068D9
:10A360008047241D02488442F9D310BD24C500084B
:10A370002CC5000810B5044C02E020688047241D5D
:10A3800002488442F9D310BD2CC5000830C500082E
:10A3900010B5F5F7E9FE044604480088401C00B2F9
:10A3A000024908802046F5F7E3FE10BD2C1200207C
:10A3B00010B5F5F7D9FE04460C480088401E00B2DF
:10A3C0000A4908800846B0F9000000280ADC00208D
:10A3D00008802046F5F7CCFE0548006828B100F05B
:10A3E00065FE02E02046F5F7C3FE10BD2C120020EA
:10A3F0003012002070B5054605B970BD00BF224877
:10A40000006818B1284620490968884700BF1F48DE
:10A410000068854203D31E480068854200D3ECE7FC
:10A42000A5F10C044FF0FF311A4800F03BFF6088A3
:10A4300018B12088B0F5F55F08D017A000F044FAF5
:10A440002388628821461BA000F03EFA002060802D
:10A450004FF4F550208023480068844201D22148FF
:10A4600004600A4960680968611A401A1E4909684F
:10A47000081A1D4908602046FFF74EFE054800F007
:10A48000DDFE00BFB9E70000681100206C1100205C
:10A4900070110020B0550020746F20667265652031
:10A4A0006120626164206461746120626C6F636B1F
:10A4B0003A0A00006D656D3A203078253038782CE6
:10A4C000207573656420666C61673A2025642C20D2
:10A4D0006D6167696320636F64653A203078253069
:10A4E00034780A00741100207C1100200048704765
:10A4F00060170020004870476053002070B5F7F7E0
:10A500007DFEFDF71DF8F8F767FF4FF47A71B0FB99
:10A51000F1F42046F9F762FCFFF71EFFFFF7EAFFB0
:10A520000446FFF7E3FF0546214601F009F870BD38
:10A53000F8B50546002400260D20009000BF00203D
:10A540000E4981F8380000BF284600F0D5FF0646C6
:10A5500000BF0FE0285D0A2805D101231A4669468D
:10A560000648F9F7FDFE291901231A460348F9F7B1
:10A57000F7FE641CB442EDD3F8BD00006053002028
:10A5800070B505462C1D2E48006838B128462C4968
:10A5900009688847064606B970BD00BF29A0E16B6F
:10A5A00000F092F92BA0216A00F08EF92DA0616ACB
:10A5B00000F08AF92FA0A16A00F086F931A0E16AC3
:10A5C00000F082F933A0216800F07EF935A06168BF
:10A5D00000F07AF937A0A16800F076F939A0E168B7
:10A5E00000F072F93BA0216900F06EF93DA06169AD
:10A5F00000F06AF93FA0A16900F066F941A0E169A5
:10A6000000F062F943A0216B00F05EF945A0616B98
:10A6100000F05AF947A0A16B00F056F9287800F035
:10A62000040038B101F088F90646314645A000F033
:10A630004BF902E04BA000F047F900BFFEE7000035
:10A640007C1200207073723A203078253038780AF6
:10A65000000000007230303A203078253038780A17
:10A66000000000007230313A203078253038780A06
:10A67000000000007230323A203078253038780AF5
:10A68000000000007230333A203078253038780AE4
:10A69000000000007230343A203078253038780AD3
:10A6A000000000007230353A203078253038780AC2
:10A6B000000000007230363A203078253038780AB1
:10A6C000000000007230373A203078253038780AA0
:10A6D000000000007230383A203078253038780A8F
:10A6E000000000007230393A203078253038780A7E
:10A6F000000000007231303A203078253038780A76
:10A70000000000007231313A203078253038780A64
:10A71000000000007231323A203078253038780A53
:10A7200000000000206C723A203078253038780A1A
:10A73000000000002070633A203078253038780A15
:10A740000000000068617264206661756C74206F9F
:10A750006E207468726561643A2025730D0A0D0AD3
:10A760000000000068617264206661756C74206F7F
:10A770006E2068616E646C65720D0A0D0A0000003F
:10A78000F0B504460D461646301D20F0070040384F
:10A790000146002203E00C4F41F82270521C102A9F
:10A7A000F9D30D624FF0000CC1F824C0C1F828C0E5
:10A7B000C1F82CC0C1F830C04B638C634FF0807C73
:10A7C000C1F83CC0F0BD0000EFBEADDE10B5F5F73E
:10A7D000CBFC044608480078401C0749087000BFBD
:10A7E0000648006810B105480068804700BF204651
:10A7F000F5F7BEFC10BD00006011002058110020CC
:10A8000010B5F5F7B1FC044608480078401E07492A
:10A81000087000BF0648006810B10548006880470E
:10A8200000BF2046F5F7A4FC10BD00006011002019
:10A830005C11002070B504462068A0F1140528467C
:10A8400001F050F8002070BD2DE9F04105460C469E
:10A850009046204601F0AEF8B8F1000F03D0B8F1F1
:10A86000010F23D105E004F11401284600F062F83D
:10A870001DE02E680FE0A6F1140794F8350097F854
:10A880003510884206DA04F1140107F1140000F0D3
:10A8900051F802E03668AE42EDD100BFAE4204D1BD
:10A8A00004F11401284600F045F800E000BF00BFA5
:10A8B0000020BDE8F08110B5044604F1140000F05A
:10A8C0001BF8002010BD00000FB438B505A800909B
:10A8D0007F210848009B049A01F0D6FA04467F2C99
:10A8E00000D97F240348FFF723FE0020009038BCE6
:10A8F0005DF814FB305500204060006070474060F8
:10A9000000607047406000607047026851600268F4
:10A910000A600160486070470268516002680A601E
:10A920000160486070470268516002680A60016017
:10A93000486070474268116042684A604160086040
:10A94000704701460868884201D101207047002005
:10A95000FCE701460868884201D1012070470020C9
:10A96000FCE7D0E900215160D0E90012116040609D
:10A9700000607047D0E900215160D0E900121160F9
:10A98000406000607047D0E900215160D0E90012BA
:10A9900011604060006070472DE9F041054615B92F
:10A9A0000020BDE8F081E81C20F003055448006851
:10A9B000854201D90020F4E70C2D00D20C254FF080
:10A9C000FF31504800F06EFC4F4800684F4909685D
:10A9D000461A8AE04D4800688419608800287CD1B6
:10A9E00006F10C006168081AA8427AD306F10C003F
:10A9F0006168091A05F11800814230D306F10C0094
:10AA000000EB05084148006800EB08074FF4F550DB
:10AA100038800020788060687860BE60C4F8048068
:10AA2000012060803648796800680C30814205D08A
:10AA30003649786809680844C0F8088034480168D5
:10AA400005F10C0008443249086032480068096882
:10AA5000884219D22E4800682E49086014E001206F
:10AA600060802A4960680968611A401A28490968A3
:10AA7000084427490860274800680968884203D2CB
:10AA800023480068234908604FF4F55020801E4891
:10AA90000068844212D107E01B48006840681B49E7
:10AAA000096808441849086017480068408828B1B8
:10AAB00015480068184909688842EDD1114800F02E
:10AAC000BDFB00BF1548006828B1294604F10C0001
:10AAD000124A1268904700BF00E002E004F10C0047
:10AAE0005FE70A4800683044466805480068401B34
:10AAF000B0423FF66FAF034800F0A0FB002050E7E4
:10AB000078110020B0550020741100206C11002035
:10AB10007C110020801100207011002064110020A1
:10AB20002DE9F0410F46164604463D463346102BAC
:10AB300028D305F0030C04F003084CEA080CBCF120
:10AB4000000F1FD121462A4610E052F804CB41F8ED
:10AB500004CB52F804CB41F804CB52F804CB41F8B3
:10AB600004CB52F804CB41F804CB103B102BECD2B1
:10AB700004E052F804CB41F804CB1B1F042BF8D29D
:10AB80000C46154603E015F801CB04F801CB5FEA4B
:10AB9000030CA3F10103F6D1BDE8F081F0B50C463A
:10ABA0000546E6B2042A15D300F0030797B901461B
:10ABB00046EA062343EA034304E008C108C108C18A
:10ABC00008C1103A102AF8D201E008C1121F042A65
:10ABD000FBD20D4601E005F8016B1700A2F101025E
:10ABE000F9D1F0BD2DE9F0470746884691469A46CF
:10ABF0003946062000F098F9044614B92046BDE80D
:10AC0000F08784F809A02046FFF755FE08F10300FD
:10AC100020F003002084A4F82290218C091D628C6E
:10AC200001FB02F0FFF7B8FEE061E06920B92046C1
:10AC300000F0B0F90020E2E70020A062E0622063AB
:10AC4000002508E0208C001DE16905FB0016206B43
:10AC5000306026636D1C608CA842F3DC0020A08469
:10AC600004F13400FFF748FE2046C8E72DE9FF470E
:10AC700004460F4690464FF0000900F05DFE054681
:10AC800000BF5048006818B120464E4909688847FF
:10AC900000BFF5F769FA8246A08C48B9039838B925
:10ACA0005046F5F765FA6FF0010004B0BDE8F08793
:10ACB0003CE000202863039830B95046F5F758FA75
:10ACC0006FF001002863F0E7627A294604F114006E
:10ACD000FFF7BAFD039800280CDD00F019FF81464C
:10ACE00003AA002105F14C0000F098FF05F14C008B
:10ACF00001F006F85046F5F73BFA00F0D7F9286B5B
:10AD000008B1286BD1E7F5F72FFA8246039800289F
:10AD10000CDD00F0FDFEA0EB09090398A0EB090093
:10AD200003900398002801DA00200390A08C0028EB
:10AD3000BFD0A66A3068A062E06AB04201D10020AC
:10AD4000E062A08C002802DDA08C401EA08450464A
:10AD5000F5F70EFA208C404501D2208C00E04046E9
:10AD60000246311D3846FFF7DBFEF5F7FDF9824656
:10AD7000206B3060266304F13400FFF7E2FD98B9E0
:10AD800004F13400FFF756FD5046F5F7F1F900BF26
:10AD90000D48006818B120460B490968884700BF74
:10ADA00000F084F9002080E75046F5F7E1F900BF94
:10ADB0000548006818B1204603490968884700BF64
:10ADC000002072E71C1200202012002070B50446FB
:10ADD0000D461646002332462946204600F002F86A
:10ADE00070BD00002DE9FF47044689469046208C3F
:10ADF000404504D24FF0FF3004B0BDE8F087002793
:10AE000000F09AFD064600BF4648006818B120468B
:10AE100044490968884700BFF5F7A6F98246256BC3
:10AE20003DB9039828B95046F5F7A2F96FF0020032
:10AE3000E2E739E000203063039828B95046F5F77F
:10AE400097F96FF00200D7E7627A314604F13400D7
:10AE5000FFF7FAFC039800280CDD00F059FE0746C6
:10AE600003AA002106F14C0000F0D8FE06F14C00C8
:10AE700000F046FF5046F5F77BF900F017F9306B0C
:10AE800008B1306BB8E7F5F76FF9824603980028F0
:10AE90000ADD00F03DFEC71B0398C01B039003981A
:10AEA000002801DA00200390206B0500C2D028683A
:10AEB00020635046F5F75CF9002028604246494679
:10AEC000281DFFF72DFEF5F74FF98246E06A08B11D
:10AED000E06A0560E562A06A00B9A562A08C4FF641
:10AEE000FF71884203DAA08C401CA08405E0504624
:10AEF000F5F73EF96FF002007EE704F11400FFF76A
:10AF000020FD50B904F11400FFF794FC5046F5F70A
:10AF10002FF900F0CBF800206EE75046F5F728F93E
:10AF2000002069E7241200202DE9F04106460F4673
:10AF3000304600F067F80546E868FFF72DFD044647
:10AF400014B90020BDE8F08100212046EA68FFF72F
:10AF500025FE26720020607208223946204600F045
:10AF6000D4FA00BF0A48006818B1204608490968A9
:10AF7000884700BFF5F7F8F8804604F10C01281D5A
:10AF8000FFF7C3FC4046F5F7F3F82046DAE7000088
:10AF90001412002070B5044600BF0C48006818B1B8
:10AFA00020460A490968884700BF00202072F5F74B
:10AFB000DBF8054604F10C00FFF7D3FC2846F5F753
:10AFC000D7F82046FFF716FA70BD000018120020CF
:10AFD00070B5044600BF0A48006818B12046084909
:10AFE0000968884700BF00202072F5F7BDF80546C4
:10AFF00004F10C00FFF7B5FC2846F5F7B9F870BD71
:10B0000018120020024600210AE0074800EB011058
:10B010000078904203D1044800EB01107047491CAE
:10B020000929F2DB0020F9E7841100202DE9F0471F
:10B0300004460D46904600262846FFF7E3FF0746E4
:10B04000FFF7A6F97E6802E0A6F10C003668381D0D
:10B050008642F9D1FFF7ACF945F080002072082252
:10B060004146204600F051FA00BF0A48006818B176
:10B07000204608490968884700BFF5F775F88146FA
:10B0800004F10C01381DFFF740FC4846F5F770F855
:10B09000BDE8F087141200200146087A00F0800015
:10B0A00008B1012070470020FCE700002DE9F041C5
:10B0B000F5F75AF807461D48008888BB1C48006809
:10B0C000FEF746F8461E1B4850F83600A0F114045F
:10B0D00019480068844222D018490E701648056845
:10B0E000046000BF1648006820B121462846144A73
:10B0F0001268904700BF1348007850B904F11C0152
:10B1000005F11C00F5F737F83846F5F731F8BDE8DA
:10B11000F08104F11C0105F11C00F5F72CF800BFCB
:10B120003846F5F725F800BFF1E700002C120020A3
:10B1300028120020D05500203012002034120020A8
:10B14000401200206011002070B50446F5F70CF89D
:10B15000054614F8340F20F00F0040F00100207075
:10B160006278343C0A4B03EBC20004F114014268DC
:10B17000116042684A604160086000BF0549A06BE9
:10B1800009680843034908602846F4F7F1FF70BDD9
:10B19000D05500202812002070B50446F4F7E4FFD3
:10B1A000054604F11400D0E900215160D0E90012F5
:10B1B00011604060006000BF94F83510094A02EB4E
:10B1C000C1000168814201D1012100E0002129B1C3
:10B1D0000548A16B00688843034908602846F4F7D6
:10B1E000C7FF70BDD0550020281200202DE9F04186
:10B1F00005460E46174629460220FFF795FE0446EF
:10B2000014B92046BDE8F0812046FFF754FBA68321
:10B2100067722046F6E72DE9F04104460D461646D2
:10B220001F462A4602212046FFF700FF2046FFF76F
:10B2300042FBA68367720020BDE8F08170B504462A
:10B2400000BF1748006818B12046154909688847AB
:10B2500000BF0025F4F788FF064604F11400FFF74D
:10B2600070FB28B904F11400FFF7E4FA01250EE0A1
:10B27000A08B4FF6FF71884203DAA08B401CA0839D
:10B2800005E03046F4F774FF6FF0020070BD304601
:10B29000F4F76EFF012D01D1FFF708FF0020F5E75D
:10B2A0002412002073B5054600BF2448006818B179
:10B2B000284622490968884700BFF4F755FF06462B
:10B2C000A88B002806DDA88B401EA8833046F4F723
:10B2D0004FFF28E0019828B93046F4F749FF6FF096
:10B2E00001007CBD00F028FB0446002020636A7A40
:10B2F000214605F11400FFF7A7FA0198002809DD9F
:10B3000001AA002104F14C0000F088FC04F14C007B
:10B3100000F0F6FC3046F4F72BFFFFF7C7FE206B7A
:10B3200008B1206BDDE700BF0548006818B128466A
:10B3300003490968884700BF0020D2E71C1200209B
:10B340002012002008B509A0FFF7BEFA0AA0FFF7F7
:10B35000BBFA12A0052301220321009012A0FFF7DF
:10B36000B3FA19A0FFF7B0FA08BD00000A205C206C
:10B370007C202F0A000000002D205254202D202078
:10B38000202020546872656164204F70657261747A
:10B39000696E672053797374656D0A004F6374207A
:10B3A0002032203230323500202F207C205C2020BB
:10B3B00020202025642E25642E2564206275696C6A
:10B3C000642025730A0000002032303036202D2002
:10B3D0003230323020436F7079726967687420624E
:10B3E000792072742D746872656164207465616D72
:10B3F0000A0000007CB56846FFF784FAF4F7B4FE53
:10B40000064658E031480068A0F1140400F080FBC3
:10B410000546A06A281A6FF00041884249D200BF51
:10B420002B48006818B1204629490968884700BFA1
:10B430002046FEF78AFB607A00F0020018B9607AB5
:10B4400020F00100607204F114016846FFF76BFA06
:10B450000020204908703046F4F78AFED4E907102E
:10B46000884700BF1C48006818B120461A4909687F
:10B47000884700BFF4F778FE06460120154908709A
:10B480006846FFF766FA00B115E004F11400FFF713
:10B490007AFA607A00F0020060B1607A00F0010090
:10B4A00040B1607A20F001006072204600F028FC74
:10B4B00000E005E000BF0548FFF74BFA0028A1D0E7
:10B4C00000BF3046F4F754FE7CBD00005C12002043
:10B4D000641200205812002068120020024601E089
:10B4E000521C491C107818B110780B789842F7D08C
:10B4F00010780B78C01A704701460A4600E0521CCB
:10B5000010780028FBD1501A704770B50346A2B1DD
:10B5100018460C4600BF14F8016B00F8016B3EB9E9
:10B5200002E0002500F8015B551E2A00F9D102E077
:10B53000551E2A00EFD100BF00BF184670BD0000A5
:10B540002DE9F04105460E46E81C20F0030726F0E1
:10B550000308B8F1180F09D9A8F11800B84205D3AB
:10B56000A8EB070018381E49086006E03246294655
:10B570001CA0FFF7A9F9BDE8F0812948076004681D
:10B580004FF4F5502080164800680C3060600020B1
:10B59000A060608022496068096808442149086009
:10B5A0004FF4F5500968088001201E490968488059
:10B5B0000B4800680C301B4909684860084800685F
:10B5C0000C301849096888600023012216A1184828
:10B5D000FFF721FE124800681649086000BFCAE75D
:10B5E000781100206D656D20696E69742C2065727C
:10B5F000726F7220626567696E2061646472657340
:10B600007320307825782C20616E6420656E64206C
:10B610006164647265737320307825780A000000D5
:10B620006C1100207011002068656170000000003E
:10B63000B05500207411002010B500200B4908807F
:10B64000002405E00A4901EBC400FFF758F9641C27
:10B65000202CF7DB1F2007490870002006490860EE
:10B66000064908600648FFF74AF910BD2C12002071
:10B67000D055002034120020301200202812002063
:10B680003812002070B508480068FDF761FD451EBE
:10B69000064850F83500A0F114040548046004F190
:10B6A0001C00F4F796FD70BD28120020D055002034
:10B6B0003012002010B5002405E0044901EBC4005D
:10B6C000FFF720F9641C002CF7D010BD50120020A9
:10B6D0001FB5002405E00D4901EBC400FFF712F986
:10B6E000641C002CF7D00A200421CA01084BCDE9C4
:10B6F0000032CDE902100023064A07A1084800F0F5
:10B70000CDF8074800F040F91FBD00005C12002092
:10B710005057002031BA000874696D65720000004E
:10B72000D05600202DE9FF5F06460F4690461D4685
:10B73000DDE90EAB31460120FFF7F6FB8146B9F19A
:10B74000000F03D1002004B0BDE8F09F2846FFF7AA
:10B7500023F9044624B94846FFF71CFC0020F2E711
:10B7600043463A46314648468DE8300CFEF77EF9AE
:10B770004846E8E710B50446204600F0E3F810BD5F
:10B7800070B513480468F4F7EFFC05462046FEF751
:10B79000F5F92046FFF700FD042084F8340004F199
:10B7A0004C0000F06CFA2046FFF776FC012803D12C
:10B7B0002046FFF70DFC04E004F114010548FFF7F3
:10B7C000ABF8FFF773FC2846F4F7D2FC70BD00001D
:10B7D00030120020381200200FE0002408E0074853
:10B7E00050F8240018B1054951F824008047641C22
:10B7F000042CF4D300F004F800BFEEE7205500203D
:10B8000070B528E0F4F7B0FC054600BF13480168A6
:10B81000814201D0012100E0002119B92846F4F746
:10B82000A7FC19E00D480068A0F1140404F114000D
:10B83000D0E900215160D0E9001211604060006041
:10B8400000BFA06AFEF7D6FD2046FFF7A3FB2846FF
:10B85000F4F78EFC00BFD5E700BF70BD38120020A2
:10B860001FB520201F21C200074BCDE90032CDE9D2
:10B8700002100023054A06A1074800F00FF8064809
:10B8800000F082F81FBD000020540020D9B7000846
:10B890007469646C65000000A05300202DE9FF5F0F
:10B8A00005460C4616461F46DDE910ABDDE90E895C
:10B8B000224601212846FFF7B9FB3B463246214686
:10B8C00028468DE8000FFEF7D1F804B0BDE8F09FE0
:10B8D00070B50446204600F0FFF80546284600F003
:10B8E00031F870BD70B5044694F8340000F00F00D4
:10B8F000022802D04FF0FF3070BDF4F735FC05464A
:10B9000004F11400FFF736F804F14C0000F098FA47
:10B910002846F4F72DFC2046FFF716FC00BF05482B
:10B92000006818B1204603490968884700BF002015
:10B93000E2E700004812002001480068704700005C
:10B940003012002031B5F4F70FFC05460D480468AD
:10B95000204600F02FF86A46002104F14C0000F068
:10B960005DF904F14C0000F0CBF92846F4F700FC37
:10B97000FFF79CFB206B801C08B90020206300208F
:10B9800038BD00003012002010B504463434A078D1
:10B9900060706178012088406060022004F83409FA
:10B9A0002046FFF79FFFFFF7C7FF08B1FFF77EFBB9
:10B9B000002010BD70B5044694F8340000F00F006C
:10B9C000012802D04FF0FF3070BDF4F7CDFB0546E3
:10B9D0002046FFF7E1FB94F8340020F00F0040F020
:10B9E000020084F8340004F14C0000F029FA2846E3
:10B9F000F4F7BEFB00BF0548006818B120460349B4
:10BA00000968884700BF0020DEE7000044120020DC
:10BA100070B5044625466FF00100286305F1140057
:10BA2000FEF7A8FF2846FFF78FFBFFF73FFB70BD2F
:10BA30001CE00F4800F04EF90446601C38B9FFF7CF
:10BA40007BFF0546FFF7B6FFFFF730FB0CE000F089
:10BA50005FF80546601B6FF00041884203D2641B0B
:10BA60002046FFF787FE00BFFFF7C4FCE1E70000B8
:10BA70005C12002070B5F4F777FB054614480468A3
:10BA800094F8340000F00F0001281CD1D4E905100F
:10BA9000814218D004F11400FEF76CFF94F83520B1
:10BAA0000C4B03EBC20004F11401426811604268C0
:10BAB0004A604160086000BF2846F4F759FBFFF771
:10BAC000F5FA002070BD2846F4F752FB0020F9E794
:10BAD00030120020D05500200146002902DA4FF034
:10BAE000FF3014E04FF47A7291FBF2F24FF47A7364
:10BAF00002FB03F01A4691FBF2F302FB13124FF420
:10BB00007A735A4302F2E73292FBF3F21044704721
:10BB100001480068704700005411002010B50A4821
:10BB20000068401C08490860FFF706FF0446A06C47
:10BB3000401EA064A06C18B9606CA064FFF79AFF67
:10BB400000F004F810BD0000541100207CB56846D8
:10BB5000FEF7D8FEFFF7DCFF0546F4F705FB0646C7
:10BB60004CE02B480068A0F11404A06A281A6FF07A
:10BB70000041884240D200BF2648006818B12046E4
:10BB800024490968884700BF2046FDF7DEFF607A38
:10BB900000F0020018B9607A20F00100607204F130
:10BBA00014016846FEF7BFFED4E907108847FFF787
:10BBB000AFFF054600BF1848006818B12046164977
:10BBC0000968884700BF6846FEF7C3FE00B115E06C
:10BBD00004F11400FEF7D7FE607A00F0020060B1B5
:10BBE000607A00F0010040B1607A20F001006072DC
:10BBF000204600F085F800E005E000BF0448FEF7AD
:10BC0000A8FE0028ADD000BF3046F4F7B1FA7CBDE5
:10BC10005012002064120020681200202DE9F0412B
:10BC200004460E461546F4F79FFA0746052E1ED227
:10BC3000DFE806F00603090E1300606A286017E0CB
:10BC40002868606214E0607A20F0020060720FE001
:10BC5000607A40F0020060720AE0607A00F0010051
:10BC600010B10120286001E00020286000E000BF42
:10BC700000BF3846F4F77CFA0020BDE8F08170B5CB
:10BC80000446F4F771FA05462046FDF75EFF607A38
:10BC900020F0010060722846F4F76AFA2046FFF7A8
:10BCA00097F9002070BD2DE9F84307460C4615466C
:10BCB0001E46DDE9088922460A213846FFF7B6F913
:10BCC0004346324629463846CDF80090FDF71CFF22
:10BCD000BDE8F8832DE9F04104464FF0FF36F4F754
:10BCE00043FA07462046FEF734FE18B92068A0F153
:10BCF0001405AE6A3846F4F73BFA3046BDE8F081E9
:10BD00002DE9F8430546F4F72FFA80462846FDF75B
:10BD10001CFF687A20F00100687200BF424800688A
:10BD200018B1284640490968884700BFFFF7F0FE70
:10BD3000696A0844A862687A00F0040008B13B4EC2
:10BD400000E03B4E009600242AE019E05DF8242034
:10BD50001168142202EBC402881A826AAB6AD21AF2
:10BD600000D108E0826AAB6AD21A6FF000439A42AF
:10BD700000D20CE000BF5DF8240000684DF82400FC
:10BD80005DF8240006EBC40149688842DED100BF9B
:10BD90002CB15DF824000830611C4DF82100641CB2
:10BDA000002CD2D023480068401C22490860084675
:10BDB000076805F114010098FEF7B5FD022412E0B2
:10BDC00007F0030060B9C4F1010305F1140202EBAE
:10BDD000C301C4F101025DF82200FEF7A4FD00E0FA
:10BDE00003E0BF08641C012CEAD900BF687A40F068
:10BDF000010068724046F4F7BBF9687A00F004006D
:10BE000078B10D48007801280BD10C4890F8340027
:10BE100000F00F00022804D10848FFF763FDFFF788
:10BE200045F90020BDE8F883201200205C120020B4
:10BE3000501200206C12002058120020D056002012
:10BE400070B50446607A00F0010010B94FF0FF3081
:10BE500070BD00BF0B48006818B120460949096849
:10BE6000884700BFF4F780F905462046FDF76DFED0
:10BE7000607A20F0010060722846F4F779F900201A
:10BE8000E6E70000241200202DE9FF4F89B081462B
:10BE90004C460A9809EB00064E4504D24FF0FF3697
:10BEA000A6EB09000A9077E10B980078252806D0C8
:10BEB000B44202D20B9800782070641C69E100251E
:10BEC00026E00B98401C0B900B9800782D2802D18F
:10BED00045F010051CE00B9800782B2802D145F0A6
:10BEE000040515E00B980078202802D145F00805DC
:10BEF0000EE00B980078232802D145F0200507E0DA
:10BF00000B980078302802D145F0010500E000E0F0
:10BF1000D7E700BF4FF0FF370B98007830380A287A
:10BF200004D20BA800F06DF907460EE00B980078DC
:10BF30002A280AD10B98401C0B900C9880C80C90B2
:10BF4000002F02DA7F4245F010054FF0FF3A0B98C0
:10BF500000782E281CD10B98401C0B900B98007871
:10BF600030380A2804D20BA800F04BF982460AE0C8
:10BF70000B9800782A2806D10B98401C0B900C983F
:10BF800050F804AB0C90BAF1000F01DA4FF0000A40
:10BF9000002004900B980078682803D00B98007854
:10BFA0006C2805D10B98007804900B98401C0B90DE
:10BFB0000A2005900B9800786F2873D00CDC63285A
:10BFC00013D004DC25286ED058286DD195E0642864
:10BFD0006BD06928F9D197E0702873D0732825D0E9
:10BFE00075286ED07828F0D18AE005F0100040B9AD
:10BFF00004E0B44201D220202070641C781E071E89
:10C00000F7DC0C9810F8041B0C90C8B20790B442EF
:10C0100001D207982070641C04E0B44201D22020B1
:10C020002070641C781E071EF7DCB2E00C980068D4
:10C0300006900C98001D0C90069808B960A0069018
:10C040004FF0000801E008F10108B84504D0069857
:10C0500010F808000028F6D1BAF1000F02DDD04533
:10C0600000DDD04605F0100048B904E0B44201D22A
:10C0700020202070641C38467F1E4045F6DC0020DE
:10C0800008900BE0B44202D2069800782070641C3D
:10C090000698401C06900898401C08900898404557
:10C0A000F0DB09E026E01FE032E02CE00AE0B442D9
:10C0B00001D220202070641C38467F1E4045F6DCEB
:10C0C00067E024E0781C10B9082745F00105CDE9A8
:10C0D000007A02950C9804C8102331460C90204633
:10C0E000FEF756F8044654E0B44201D225202070F1
:10C0F000641C4EE0082005901DE045F0400500BF9F
:10C100001020059017E000BF45F0020500BF12E0C7
:10C11000B44201D225202070641C0B98007830B105
:10C12000B44202D20B9800782070641C02E00B9895
:10C13000401E0B902DE000BF04986C2807D10C988E
:10C1400050F804BB0C9005F00200B8B116E004985A
:10C1500068280BD10C9830F8041B1FFA81FB0C9057
:10C1600005F0020050B10FFA8BFB07E00C9850F875
:10C1700004BB0C9005F0020000B100BFCDE9007ACD
:10C1800002955A4631462046059BFEF701F80446C3
:10C1900000BF0B98401C0B900B98007800287FF490
:10C1A00083AE0A9838B1B44202D20020207002E077
:10C1B000002006F8010CA4EB09000DB0BDE8F08FDB
:10C1C000284E554C4C290000002070470020704735
:10C1D000002070470020704710B5F3F7C5FFFEF749
:10C1E0008DF9FFF7AFF8FFF765FAFFF725FAFEF7CD
:10C1F0009BF8FFF76DFAFFF733FBFFF743FA0020D8
:10C2000010BD0146002009E00B685A1C0A601A782C
:10C2100000EB800302EB4302A2F130000A681278BF
:10C22000303A0A2AF0D3704770B50546F5F7EDFAB3
:10C23000044620F00040C0F1FF40C00F08D025F0B8
:10C240000040C0F1FF40C00F04BF0120FCF7B6FF63
:10C25000204670BD00B583B00A460021CDE900112B
:10C2600001466846F4F785FFDDE9000103B000BD33
:10C2700000B583B00A460021CDE9001101466846A9
:10C28000F4F777FFDDE9000103B05DF804EBF4F7A4
:10C290007BBE000000B585B00020019002900390A5
:10C2A000049000BF2248806940F4804020498861A2
:10C2B0000846806900F48040009000BF00BF00BFC6
:10C2C0000846806940F0040088610846806900F0F3
:10C2D0000400009000BF00BF4815019002200290AA
:10C2E0000320049001A91348F6F70CFD4FF4806079
:10C2F000019000200290039001A90E48F6F702FD7C
:10C300000D480E4908604FF4E130486000210B48A9
:10C310008160C16001610C21416100218161C161C5
:10C32000F7F780FF08B100BFFEE7002005B000BDB1
:10C330000010024000080140003801406053002016
:10C3400041445F4163717569736974696F6E00FF81
:10C35000AA6988B5FFAA220100FFAA030C00000009
:10C3600000000000000001020304060708090000A5
:10C3700000000102030400000100020001000300AC
:10C38000010002000100040001000200010003009E
:10C39000010002000100050001000200010003008D
:10C3A000010002000100040001000200010003007E
:10C3B000010002000100060001000200010003006C
:10C3C000010002000100040001000200010003005E
:10C3D000010002000100050001000200010003004D
:10C3E000010002000100040001000200010003003E
:10C3F000010002000100070001000200010003002B
:10C40000010002000100040001000200010003001D
:10C41000010002000100050001000200010003000C
:10C4200001000200010004000100020001000300FD
:10C4300001000200010006000100020001000300EB
:10C4400001000200010004000100020001000300DD
:10C4500001000200010005000100020001000300CC
:10C4600001000200010004000100020001000300BD
:10C4700001000200010030313233343536373839AB
:10C480006162636465660030313233343536373883
:10C49000394142434445460000404040404040400E
:10C4A0004040414141414140404040404040404087
:10C4B000404040404040404040050202020202022B
:10C4C000020202020202020202202020202020207A
:10C4D000202020020202020202029090909090908E
:10C4E000101010101010101010101010101010104C
:10C4F00010101010020202020202888888888888C0
:10C5000008080808080808080808080808080808AB
:10C5100008080808020202024000000099C400084E
:10C52000D5C10008CDC1000895C20008C9C10008E6
:10C53000D1C1000854C500080000002024150000E7
:10C5400068180008A4C80008241500202C58000012
:10C55000AC910008014D22207201420354140140A5
:10C5600019060913180A1480182914B9185A183012
:10C5700006C238014080256A01DDD1B2640A3896CE
:10C580005C02CB030214010249C81302050A141EFF
:10C5900064015F124804C240802503140101B264A3
:10C5A0000A38965C3203124C12400A13C26501AD80
:10C5B0000A1301C3B2C80A38965C720312380255D6
:10C5C0004022207202396B4B0C01680A1580181941
:10C5D000060913181A10AC09121869C871781115D8
:10C5E000D85C68C006F03F160991FF0EB44E3F209C
:10C5F00059211EBAF151F3132088080242B6EFFB0D
:10C600007E64206975517AF01879203975091920EE
:10C6100062041ED8EA3D58706088081BF9D0C690A5
:10C62000EA5B6062051EF656BFFAC12088083F1615
:10C6300063DF9CB1522062061E47168939A3208809
:10C640000844A45F88C08456206207F810A9033A02
:10C6500042EF05F03F31FD3B7008345C8801788281
:10C6600008123C0A564060720242033B0C01680A01
:10C670001520180A1510183280AA01184A141881BA
:10C68000691C7811A0A8FA026B06F03F07B46F4C42
:10C690002120673F2059211EC4CE9D2B0D208808E4
:10C6A00090783064A02B64206975517AF018792055
:10C6B000397509192062041EE32B42309560880801
:10C6C0002F1F16586A37666062052EAA6EB9F03FB2
:10C6D000209EC5D12C3B8A8062061E212410517AEF
:10C6E000208808F758255162E9692062071E5F9586
:10C6F0006EBF3A208FE4BD60F34E5E400180026B56
:10C7000008523243F0400210013B0C0118096E88B8
:10C710000A85028811F2200A751888E97609768858
:10C72000F2100A7514880A852088E9760976880A45
:10C73000848088F9750A7410880A858088110A2C0B
:10C7400001880220048A0253AA0350996839184AC2
:10C7500008189A201B39184A1818B210A918D100C5
:10C760000A6A5374617274436C7074299839B00307
:10C770003124F429381388112A2004328032021A15
:10C78000980C29045A20E81AA80C290432243204EF
:10C790001AB80C2904292032051AC80C2904323091
:10C7A00032061AD80C2904323C32071AE80C290444
:10C7B000326432081AF80C290432342A0A1412128C
:10C7C0002A200402472C29D4092E30393422803201
:10C7D0000229045A40087203290829FC4129082922
:10C7E000E8114A0C2429E441290C32105A200C9AF1
:10C7F00011189A120C9A130C32141A3209290C9A35
:10C8000015189A160C9A170C9A180C9A190C9A1A51
:10C810000C9A1B0C9A1C0C9A1D0C9A1E0C9A1F0C3D
:10C8200029BC1A20A1290C2A210C19F9290C9A22B9
:10C83000D89A230C9A240C9A250C9A260C9A270C29
:10C8400032285A0AF02A290C4A050C322A5A0718AB
:10C850009A2B0C9A2C0C9A2D0C9A2E0C9A2F0C3287
:10C86000301408078019B7115231490C7232290C63
:10C870009A330C9A340C9A350C9A360C9A370C323F
:10C88000383C8F55550C32394B7C560C323A4BF7AD
:10C89000530C9A3B309A3C0C9A3D0C9A3E0C9A3FB2
:04C8A0000C01100077
:0400000508000131BD
:00000001FF
